,bandit_weighted,bandit_final,all_source,target_train,random_source
0,0.3933039605617523,0.1775660514831543,0.46944254636764526,0.28770768642425537,0.06121305376291275
