,bandit,all_source,target_train,random_source
0,0.04673931455060293,0.13048582274900683,0.0182683458429588,0.1927688329797653
