,bandit,all_source,target_train,random_source
0,0.05482077971100807,0.05516250431537628,0.05472573637962341,0.05586966499686241
