,bandit_weighted,bandit_final,all_source,target_train,random_source
0,1.075594425201416,0.7241879105567932,1.4798047542572021,0.7530320286750793,0.6386110782623291
