,bandit,all_source,target_train,random_source
0,0.06099541676364636,0.09167744847050155,0.013369099531359457,0.07305098129208148
