,bandit,all_source,target_train,random_source
0,0.10052725672721863,0.10050234198570251,0.10083859413862228,0.10073050856590271
