,bandit,all_source,target_train,random_source
0,0.10785764455795288,0.10806049406528473,0.1169002503156662,0.1125117763876915
