,bandit,all_source,target_train,random_source
0,0.05550461926805352,0.09039767636700102,0.021696547383521954,0.08383113783893208
