,bandit_weighted,bandit_final,all_source,target_train,random_source
0,0.7419747197540137,0.4345387943038047,1.9162160733097404,0.4377000333322349,1.4994648665477137
