,bandit,all_source,target_train,random_source
0,0.0678852553891246,0.09444451243068384,0.024834553792294427,0.11426565189755185
