,bandit_weighted,bandit_final,all_source,target_train,random_source
0,0.33279587103571806,0.172315628119666,0.42645891337155606,0.17206651376080173,1.21356246108254
