,bandit,all_source,target_train,random_source
0,0.009296960404995487,0.21018068274959606,0.003717724080791533,0.2506405470591805
