,bandit_weighted,bandit_final,all_source,target_train,random_source
0,0.6599425077438354,0.666516900062561,0.5826380848884583,0.5037891268730164,0.7678962349891663
