,bandit_weighted,bandit_final,all_source,target_train,random_source
0,0.31357185804277493,0.15718048044470048,0.5124704886654422,0.15579662705315675,1.438583200402285
