,bandit_weighted,bandit_final,all_source,target_train,random_source
0,0.5006222128868103,0.1967148780822754,0.4338618814945221,0.22018039226531982,0.012968294322490692
