,bandit,all_source,target_train,random_source
0,0.051471397280693054,0.05112875998020172,0.051060210913419724,0.051110487431287766
