,bandit,all_source,target_train,random_source
0,0.01615755801515237,0.09039767636700102,0.02169654738352195,0.04849076223193969
