,bandit,all_source,target_train,random_source
0,0.11106494814157486,0.09845151752233505,0.1036757379770279,0.10142160207033157
