,bandit,all_source,target_train,random_source
0,0.05399508159720086,0.08256803810461577,0.044258538364115904,0.21961469226656086
