,bandit,all_source,target_train,random_source
0,0.009999519622142593,0.08861710843195338,0.01221371234074653,0.02111363360318443
