,bandit_weighted,bandit_final,all_source,target_train,random_source
0,0.609020471572876,0.6954675912857056,1.7374999523162842,0.6151484251022339,1.4898314476013184
