,bandit,all_source,target_train,random_source
0,24.67789429912791,378.81500046304893,9.761758424382881,508.53513314982393
