,bandit,all_source,target_train,random_source
0,0.07198654115200043,0.0729518011212349,0.07190718501806259,0.07519770413637161
