,bandit_weighted,bandit_final,all_source,target_train,random_source
0,0.25445908308029175,0.1410687416791916,0.4563868045806885,0.2390340268611908,0.0623554103076458
