,bandit,all_source,target_train,random_source
0,0.10622062534093857,0.1407008022069931,0.09349270164966583,0.09406635910272598
