,bandit_weighted,bandit_final,all_source,target_train,random_source
0,1.104846715927124,0.9781023263931274,1.0529401302337646,1.023390531539917,1.4328954219818115
