,bandit,all_source,target_train,random_source
0,0.0369599090740172,0.09669681556853693,0.013259352624244769,0.00440829013749588
