,bandit_weighted,bandit_final,all_source,target_train,random_source
0,0.7425469160079956,0.7894805669784546,0.7619768381118774,0.7099485397338867,0.8469077348709106
