,bandit,all_source,target_train,random_source
0,0.051435791518237794,0.09939914103824772,0.05440198903627467,0.07643770730042714
