,bandit_weighted,bandit_final,all_source,target_train,random_source
0,1.0364091067978223,1.0038632589851446,1.2957169636938315,1.4979881183755583,1.624325923218213
