,bandit,all_source,target_train,random_source
0,0.059450251226898974,0.11741158363411175,0.011964875611701734,0.025106294262309658
