,bandit,all_source,target_train,random_source
0,0.08944282051300867,0.07612045920820869,0.06994190819343996,0.08838205485347868
