,bandit,all_source,target_train,random_source
0,0.041023689254776105,0.08534656274730686,0.013441925011953737,0.020679328409594765
