,bandit,all_source,target_train,random_source
0,0.11129407584667206,0.10214915871620178,0.11071252822875977,0.11155272275209427
