,bandit,all_source,target_train,random_source
0,0.06398699432611465,0.07417679578065872,0.06554606556892395,0.06504195928573608
