,bandit,all_source,target_train,random_source
0,0.07182418555021286,0.07255719602108002,0.07333153486251831,0.07307315617799759
