,bandit_weighted,bandit_final,all_source,target_train,random_source
0,0.21970567107200623,0.2088257372379303,0.44615569710731506,0.18263396620750427,0.07822944223880768
