,bandit_weighted,bandit_final,all_source,target_train,random_source
0,0.14221552622803207,0.1051435893699592,0.4733033541686936,0.10518583531471912,0.10729220414043612
