,bandit,all_source,target_train,random_source
0,0.07634923928540448,0.11057057306968568,0.0753724389782082,0.15110763259475718
