,bandit,all_source,target_train,random_source
0,0.09750092774629593,0.11234729737043381,0.07461155205965042,0.08825819194316864
