,bandit_weighted,bandit_final,all_source,target_train,random_source
0,0.21856753761103018,0.1287520803054775,0.47332943284062123,0.10840902626918725,0.10842023866251663
