,bandit,all_source,target_train,random_source
0,0.03040836082266262,0.08411597708939393,0.007782107608275296,0.10765471614928601
