,bandit,all_source,target_train,random_source
0,0.05096634671444049,0.09786172196148549,0.047476165218181106,0.05853873945050718
