,bandit_weighted,bandit_final,all_source,target_train,random_source
0,1.3448004617724236,1.3751229245688281,1.5064065332266516,1.3747522442220188,2.0773113176063376
