,bandit,all_source,target_train,random_source
0,0.06842297843009928,0.13048582274900683,0.0182683458429588,0.02982562178635887
