,bandit,all_source,target_train,random_source
0,0.10770095052807294,0.10582509369828866,0.10226390439907329,0.09800708366404037
