,bandit,all_source,target_train,random_source
0,0.13107293844223022,0.13956652581691742,0.09080468118190765,0.09881046414375305
