,bandit_weighted,bandit_final,all_source,target_train,random_source
0,0.37905750317055154,0.10731845069201588,0.47230266979690416,0.10555105591400613,0.1054986323721864
