,bandit_weighted,bandit_final,all_source,target_train,random_source
0,0.12104961853049001,0.05994280660017548,0.37855879412775517,0.05609546189310331,0.7237977170445502
