,bandit_weighted,bandit_final,all_source,target_train,random_source
0,0.25743584520502855,0.12474274599794581,0.5039554685778045,0.1247360302902462,0.12482367790255644
