,bandit,all_source,target_train,random_source
0,142.4247777581573,828.5076176159421,5.315827882452938,827.0890004277182
