,bandit,all_source,target_train,random_source
0,3.0016722944364953,129.92727089875584,1.116677241630166,316.3164724581085
