,bandit,all_source,target_train,random_source
0,4.9593124855088355,25.60569915551021,0.14517567293610867,25.480070581968842
