,bandit,all_source,target_train,random_source
0,0.10536613315343857,0.10346115380525589,0.10225698351860046,0.1011413037776947
