,bandit,all_source,target_train,random_source
0,0.07174579799175262,0.0800776407122612,0.07146983593702316,0.07679480314254761
