,bandit,all_source,target_train,random_source
0,0.06262680888175964,0.06259610503911972,0.06609188765287399,0.06271650642156601
