,bandit,all_source,target_train,random_source
0,0.05378294549966861,0.07997284552654607,0.05799387061120996,0.12585039255843453
