,bandit,all_source,target_train,random_source
0,0.0609906627715394,0.09444451243068384,0.024834553792294427,0.036504868561695644
