,bandit,all_source,target_train,random_source
0,0.03851626178005657,0.07964170873258683,0.006444535542439606,0.10425145111895602
