,bandit_weighted,bandit_final,all_source,target_train,random_source
0,0.913855254650116,0.9697645902633667,1.0683484077453613,1.0634058713912964,1.0606580972671509
