,bandit_weighted,bandit_final,all_source,target_train,random_source
0,1.0505309355121057,1.1258985175281515,1.06236100201716,1.1257148876118437,1.5287752767766092
