,bandit,all_source,target_train,random_source
0,0.08888179063796997,0.09401413798332214,0.09136193990707397,0.10536496341228485
