,bandit,all_source,target_train,random_source
0,0.08625408262014389,0.08522753417491913,0.0908830389380455,0.08831536024808884
