,bandit_weighted,bandit_final,all_source,target_train,random_source
0,0.3471310115776128,0.24042838771829955,0.5397385659131666,0.23949191024780347,0.24050845752470193
