,bandit_weighted,bandit_final,all_source,target_train,random_source
0,0.525108500662922,0.5529327133232164,0.632692102137162,0.5414915056979923,1.6388099109110752
