,bandit,all_source,target_train,random_source
0,0.022425532965236382,0.1257272019154725,0.023974382967379478,0.08713461098151656
