,bandit,all_source,target_train,random_source
0,0.06763880408020166,0.1217659128455955,0.049765254680629374,0.06597590553442079
