,bandit,all_source,target_train,random_source
0,0.09571614861488342,0.09723494201898575,0.09202391654253006,0.10278954356908798
