,bandit_weighted,bandit_final,all_source,target_train,random_source
0,1.0182975081082568,0.610399150766144,1.7934761687712046,0.5957111008372384,1.459903699143746
