,bandit,all_source,target_train,random_source
0,0.0955335795879364,0.09225426614284515,0.09231609106063843,0.09739134460687637
