,bandit,all_source,target_train,random_source
0,0.06997175049500629,0.09786172196148549,0.047476165218181106,0.04766817994868354
