,bandit,all_source,target_train,random_source
0,0.09261906892061234,0.11747990548610687,0.07396707683801651,0.08131143450737
