,bandit,all_source,target_train,random_source
0,0.05100553540931295,0.09786172196148547,0.04747616521818109,0.05657497842851265
