,bandit,all_source,target_train,random_source
0,0.042437259954174966,0.0741636013375008,0.04015328607367753,0.03934416601750745
