,bandit,all_source,target_train,random_source
0,0.07673457928954829,0.07612045920820867,0.06994190819343994,0.09305584796346246
