,bandit,all_source,target_train,random_source
0,0.1063346415758133,0.10717960447072983,0.10748204588890076,0.10770194232463837
