,bandit,all_source,target_train,random_source
0,0.07475852221250534,0.077696293592453,0.07205795496702194,0.0758986547589302
