,bandit,all_source,target_train,random_source
0,0.02708657834449228,0.07964170873258683,0.006444535542439606,0.16557371537457
