,bandit_weighted,bandit_final,all_source,target_train,random_source
0,0.2796620726585388,0.18945136666297913,0.37298986315727234,0.2668975293636322,0.8082895278930664
