,bandit_weighted,bandit_final,all_source,target_train,random_source
0,0.23005682924146154,0.15344164555778225,0.4185800167486886,0.15331371299364355,0.15313164891271033
