,bandit,all_source,target_train,random_source
0,0.11588147282600403,0.16050072014331818,0.101962149143219,0.09254240989685059
