,bandit,all_source,target_train,random_source
0,0.005703287085803206,0.06923192643177298,0.004193407394219857,0.01209222344552409
