,bandit_weighted,bandit_final,all_source,target_train,random_source
0,0.8313779830932617,0.29499301314353943,1.9774125814437866,0.35050326585769653,0.7271407842636108
