,bandit,all_source,target_train,random_source
0,0.03487625114939609,0.08005680972821105,0.006880191065068179,0.0411330065920241
