,bandit,all_source,target_train,random_source
0,0.07911036943996086,0.07612045920820867,0.06994190819343994,0.0897806119128893
