,bandit_weighted,bandit_final,all_source,target_train,random_source
0,0.2604719212102073,0.20841231217715522,0.5286170677187373,0.2029474517281488,1.0200289977128494
