,bandit,all_source,target_train,random_source
0,0.10582801699638367,0.11182799190282822,0.10529166460037231,0.1402844488620758
