,bandit,all_source,target_train,random_source
0,0.0428074242136879,0.09939914103824772,0.05440198903627467,0.12578357002889526
