,bandit,all_source,target_train,random_source
0,0.043977207222491356,0.07932978729680436,0.043706334515751316,0.21871888287520144
