,bandit,all_source,target_train,random_source
0,0.07734890282154083,0.08514045923948288,0.05247336998581886,0.0797877088189125
