,bandit,all_source,target_train,random_source
0,0.08619531779144213,0.09650694731095313,0.09957629645670295,0.1253585024016958
