,bandit,all_source,target_train,random_source
0,0.09993889927864075,0.10012561827898026,0.0999683365225792,0.0999319925904274
