,bandit,all_source,target_train,random_source
0,0.07744579017162323,0.07952636480331421,0.07803371548652649,0.07841569185256958
