,bandit,all_source,target_train,random_source
0,0.02430449572772115,0.12617315048969882,0.0226151808603322,0.08039113748497677
