,bandit,all_source,target_train,random_source
0,0.10368470847606659,0.10402586311101913,0.11037468165159225,0.10479910671710968
