,bandit,all_source,target_train,random_source
0,0.11235389113426208,0.11733194440603256,0.11240492761135101,0.12209764122962952
