,bandit_weighted,bandit_final,all_source,target_train,random_source
0,1.0589243561518915,1.041644318497791,1.06236100201716,1.1257148876118437,1.499816084119414
