,bandit,all_source,target_train,random_source
0,0.10535881668329239,0.10435254871845245,0.09937316179275513,0.10203201323747635
