,bandit,all_source,target_train,random_source
0,0.07593132555484772,0.07570096105337143,0.07580388337373734,0.07576747238636017
