,bandit,all_source,target_train,random_source
0,0.1078941598534584,0.10716544091701508,0.10750684887170792,0.10714779049158096
