,bandit,all_source,target_train,random_source
0,0.0721028596162796,0.07819459587335587,0.07202879339456558,0.07295895367860794
