,bandit_weighted,bandit_final,all_source,target_train,random_source
0,0.3710598945617676,0.2684541642665863,0.3982846736907959,0.4404667317867279,1.1253324747085571
