,bandit,all_source,target_train,random_source
0,0.06811700016260147,0.06885530799627304,0.09739913046360016,0.068082295358181
