,bandit,all_source,target_train,random_source
0,0.022346296170250468,0.09010723408833851,0.01806365970001764,0.2525771589932851
