,bandit,all_source,target_train,random_source
0,0.0579797132737518,0.7256878296230009,0.024792369256784883,1.1859457916888807
