,bandit,all_source,target_train,random_source
0,0.01460638885294396,0.03564657283340944,0.014214784742764143,0.035571657878812876
