,bandit,all_source,target_train,random_source
0,0.05739142176292926,0.07631129260510774,0.05843974617252727,0.1513791650988104
