,bandit_weighted,bandit_final,all_source,target_train,random_source
0,0.2725348174571991,0.2163359671831131,0.391705185174942,0.15226589143276215,0.9495121240615845
