,bandit,all_source,target_train,random_source
0,0.060529112815856934,0.061136409640312195,0.0674811378121376,0.06486210972070694
