,bandit,all_source,target_train,random_source
0,0.07486958301869415,0.07667157596258908,0.07469862072018489,0.12964720704003918
