,bandit,all_source,target_train,random_source
0,0.0427473512077692,0.09669681556853693,0.013259352624244769,0.015248064759563825
