,bandit,all_source,target_train,random_source
0,0.046731433882302144,0.11982891384189873,0.002932205030095979,0.09308753608369921
