,bandit,all_source,target_train,random_source
0,4.693631962684195,29.44846168562165,1.757916779745205,29.301619060004686
