,bandit,all_source,target_train,random_source
0,0.07486733794212341,0.07816712558269501,0.06668037176132202,0.08218304812908173
