,bandit,all_source,target_train,random_source
0,0.05692372366414215,0.0741636013375008,0.04015328607367753,0.040278444010581574
