,bandit,all_source,target_train,random_source
0,0.048593806574697196,0.09162944796766928,0.06540444950521233,0.13827015351489177
