,bandit_weighted,bandit_final,all_source,target_train,random_source
0,0.3074062168598175,0.2816830277442932,0.4576236605644226,0.15264326333999634,0.0544937364757061
