,bandit,all_source,target_train,random_source
0,0.021506312481111144,0.10597214683420672,0.0075352870228222926,0.010209841533988285
