,bandit_weighted,bandit_final,all_source,target_train,random_source
0,0.34086216271298975,0.21073817409514817,0.440879627481449,0.20838702272680182,0.8866364741724709
