,bandit,all_source,target_train,random_source
0,0.0554230660200119,0.05546549707651138,0.054985374212265015,0.06400223076343536
