,bandit_weighted,bandit_final,all_source,target_train,random_source
0,0.8721455970863532,0.23775489370445832,2.0418551886949863,0.23358630095968191,2.5621790959116444
