,bandit,all_source,target_train,random_source
0,0.10064912587404251,0.09997688233852386,0.10264462232589722,0.10979519039392471
