,bandit,all_source,target_train,random_source
0,0.1147443950176239,0.10783503204584122,0.10871627181768417,0.1094369888305664
