,bandit_weighted,bandit_final,all_source,target_train,random_source
0,1.147148150576078,1.502412431311083,1.2957169636938315,1.4979881183755583,1.885440785252713
