,bandit,all_source,target_train,random_source
0,0.1262681782245636,0.12730848789215088,0.12449139356613159,0.12426142394542694
