,bandit,all_source,target_train,random_source
0,0.0976467076496108,0.10766995930318957,0.09275472399544496,0.0975265916392189
