,bandit_weighted,bandit_final,all_source,target_train,random_source
0,0.33915090560913086,0.3827076554298401,0.5681415796279907,0.3291481137275696,3.474058151245117
