,bandit,all_source,target_train,random_source
0,0.06977180257167227,0.09167744847050155,0.013369099531359457,0.028033229457768316
