,bandit,all_source,target_train,random_source
0,0.10500770807266235,0.10328272730112076,0.10228539258241653,0.1016080304980278
