,bandit,all_source,target_train,random_source
0,0.05871515158137741,0.08557733690313234,0.07790783962756477,0.11020524853653031
