,bandit,all_source,target_train,random_source
0,0.03024919332000634,0.09039767636700102,0.02169654738352195,0.023488240234439017
