,bandit,all_source,target_train,random_source
0,0.09352660924196243,0.09604794532060623,0.09405548870563507,0.1088862195611
