,bandit,all_source,target_train,random_source
0,0.11711516231298447,0.11759024858474731,0.1267644315958023,0.11798857897520065
