,bandit_weighted,bandit_final,all_source,target_train,random_source
0,0.2682857811450958,0.1520942747592926,0.44359833002090454,0.14265386760234833,2.531742572784424
