,bandit,all_source,target_train,random_source
0,0.010171275834570111,0.061428042844176446,0.004579847110358501,0.034843848806948026
