,bandit,all_source,target_train,random_source
0,0.08932111182286301,0.10766995930318957,0.09275472399544496,0.16500670800674827
