,bandit,all_source,target_train,random_source
0,0.07718553394079208,0.07869762182235718,0.08039528876543045,0.07202360779047012
