,bandit_weighted,bandit_final,all_source,target_train,random_source
0,1.0291204452514648,0.6170296669006348,1.7878080606460571,0.6012353301048279,1.4935417175292969
