,bandit,all_source,target_train,random_source
0,0.01637944479915216,0.20592762643980084,0.0040139912711705415,0.14159478636607786
