,bandit,all_source,target_train,random_source
0,0.11764498054981232,0.11267097294330597,0.10625836998224258,0.10946591198444366
