,bandit,all_source,target_train,random_source
0,0.07834541078196297,0.10971648991324838,0.013960731660428443,0.11006597661818265
