,bandit,all_source,target_train,random_source
0,0.26543594906993373,0.26064121886399716,0.01564317829403465,0.26065083179085125
