,bandit,all_source,target_train,random_source
0,0.8350562030525062,2.558735717852444,0.030341810721205047,3.0596448639047575
