,bandit_weighted,bandit_final,all_source,target_train,random_source
0,0.2730076695563627,0.2383384028513964,0.5286170677187373,0.2029474517281488,0.20157157055993982
