,bandit,all_source,target_train,random_source
0,0.0739961788058281,0.0768924281001091,0.06709588319063187,0.0728466734290123
