,bandit,all_source,target_train,random_source
0,0.04574417617322772,0.07231019039981049,0.05935187461486946,0.04848540432964628
