,bandit_weighted,bandit_final,all_source,target_train,random_source
0,0.28999104845861734,0.23594560886977792,0.4522532114416613,0.23589636818031562,0.23296912595396063
