,bandit,all_source,target_train,random_source
0,0.10305698215961456,0.10861870646476746,0.10213650017976761,0.10211117565631866
