,bandit,all_source,target_train,random_source
0,0.08686967194080353,0.0877484604716301,0.08484813570976257,0.08709559589624405
