,bandit,all_source,target_train,random_source
0,0.04996980354189873,0.047510843724012375,0.04601534456014633,0.04502982646226883
