,bandit,all_source,target_train,random_source
0,0.07377664821521762,0.1217659128455955,0.049765254680629374,0.18944230067235873
