,bandit_weighted,bandit_final,all_source,target_train,random_source
0,0.14131673594034147,0.08592259588930479,0.3911560581709332,0.08608140447071608,0.08573041958547573
