,bandit_weighted,bandit_final,all_source,target_train,random_source
0,1.2315346982025075,0.998262971494514,1.4202857086672998,0.9980707298212967,1.2802309562257403
