,bandit,all_source,target_train,random_source
0,0.06119852140545845,0.06460774689912796,0.0644654631614685,0.06312745064496994
