,bandit,all_source,target_train,random_source
0,0.09231957793235779,0.09486696869134903,0.09640999138355255,0.08941339701414108
