,bandit,all_source,target_train,random_source
0,0.1111539900302887,0.13397358357906342,0.10830875486135483,0.1150522530078888
