,bandit,all_source,target_train,random_source
0,0.08245617896318436,0.08471763879060745,0.08237868547439575,0.08320598304271698
