,bandit,all_source,target_train,random_source
0,0.052598913572218665,0.07932978729680436,0.043706334515751316,0.05786943354158138
