,bandit,all_source,target_train,random_source
0,0.06163376197218895,0.06367527693510056,0.06602124124765396,0.08611088991165161
