,bandit,all_source,target_train,random_source
0,0.0897391065955162,0.09250950813293457,0.09412673860788345,0.09938862919807434
