,bandit_weighted,bandit_final,all_source,target_train,random_source
0,0.9530804753303528,0.5763647556304932,1.8746446371078491,0.592798113822937,0.7145494222640991
