,bandit,all_source,target_train,random_source
0,0.026042094646811138,0.09162944796766928,0.06540444950521239,0.22950993116432078
