,bandit,all_source,target_train,random_source
0,0.024452133997035157,0.11169487697499245,0.008656968070873598,0.009085308306360935
