,bandit_weighted,bandit_final,all_source,target_train,random_source
0,1.091605910465062,0.6717148155378015,1.7303280259316085,0.6704476661780546,1.517150578690971
