,bandit,all_source,target_train,random_source
0,0.05222426331153216,0.1257272019154725,0.02397438296737947,0.08713461098151654
