,bandit,all_source,target_train,random_source
0,0.06317191391166378,0.058797885910919424,0.06179096204492549,0.14690268055769387
