,bandit_weighted,bandit_final,all_source,target_train,random_source
0,1.2582581043243408,1.1531589031219482,1.5703070163726807,1.308075189590454,2.109419822692871
