,bandit,all_source,target_train,random_source
0,0.0416578352010474,0.08256803810461577,0.0442585383641159,0.21961469226656086
