,bandit_weighted,bandit_final,all_source,target_train,random_source
0,1.1031681299209595,0.5777774453163147,1.8181769847869873,0.47009697556495667,1.2421493530273438
