,bandit,all_source,target_train,random_source
0,0.04328338921347862,0.09162944796766928,0.06540444950521233,0.18195511354736232
