,bandit,all_source,target_train,random_source
0,0.024373495673593964,0.07964170873258683,0.006444535542439606,0.10425145111895602
