,bandit_weighted,bandit_final,all_source,target_train,random_source
0,0.2590758214187259,0.18581582324705764,0.4974563612556643,0.17814408373947366,1.0722979513075213
