,bandit,all_source,target_train,random_source
0,0.08058018393124433,4.380266318741935,0.04534140749119267,5.687594464413518
