,bandit,all_source,target_train,random_source
0,0.26584927367598454,1.685178305719514,0.0654452844286383,1.6754802050461746
