,bandit_weighted,bandit_final,all_source,target_train,random_source
0,0.39101487398147583,0.40249544382095337,0.5007790327072144,0.4858914315700531,1.0806173086166382
