,bandit_weighted,bandit_final,all_source,target_train,random_source
0,0.1964663329018728,0.12295252642266222,0.5005058261443349,0.11876929592796497,0.11880884548602713
