,bandit,all_source,target_train,random_source
0,0.12320587784051895,0.1253671795129776,0.12351195514202118,0.12158358842134476
