,bandit_weighted,bandit_final,all_source,target_train,random_source
0,0.8215316738466975,0.8200160908249388,0.8254394607321427,0.8198187909459362,0.9206169680876559
