,bandit,all_source,target_train,random_source
0,0.08900359272956848,0.07620152831077576,0.07864394038915634,0.07222343236207962
