,bandit,all_source,target_train,random_source
0,0.1383035174416171,0.1869044899392495,0.026403418340802662,3.0191946693691065
