,bandit,all_source,target_train,random_source
0,0.06070345123317321,0.13048582274900683,0.0182683458429588,0.2421385360130805
