,bandit,all_source,target_train,random_source
0,0.12952853538506562,0.20258999646853884,0.015724372319367116,0.20158285957384434
