,bandit,all_source,target_train,random_source
0,1.8655155615719297,8.539589828480656,0.08160365870699393,13.318608093997502
