,bandit,all_source,target_train,random_source
0,0.12197084724903107,0.12732329964637756,0.12409470230340958,0.1258736103773117
