,bandit,all_source,target_train,random_source
0,0.07417082786560059,0.07302200049161911,0.0719354972243309,0.07444574683904648
