,bandit_weighted,bandit_final,all_source,target_train,random_source
0,0.424856573343277,0.3537612557411194,0.5138568878173828,0.3417441248893738,3.5152626037597656
