,bandit,all_source,target_train,random_source
0,0.21327484848382788,3.17554751292288,0.06889784184202227,1.7054187922050925
