,bandit,all_source,target_train,random_source
0,0.06298041343688965,0.06384305655956268,0.07051203399896622,0.06959765404462814
