,bandit,all_source,target_train,random_source
0,0.029421739384164168,0.0758436632965548,0.006899989253739065,0.01132143224260508
