,bandit,all_source,target_train,random_source
0,0.05098758265376091,0.06882818043231964,0.05612580478191376,0.10071363300085068
