,bandit,all_source,target_train,random_source
0,0.08077558875083923,0.08059189468622208,0.08180683106184006,0.08098237961530685
