,bandit_weighted,bandit_final,all_source,target_train,random_source
0,0.9280542144203295,0.5397332287938212,1.8255601000158446,0.5319637074320261,2.2193814267894374
