,bandit,all_source,target_train,random_source
0,0.0973048210144043,0.09630699455738068,0.09684940427541733,0.09598080813884735
