,bandit,all_source,target_train,random_source
0,0.03905198305213211,0.061591719333488525,0.0480650543750903,0.0477605848884903
