,bandit,all_source,target_train,random_source
0,0.12327330559492111,0.12173686176538467,0.12257007509469986,0.13478493690490723
