,bandit,all_source,target_train,random_source
0,0.12277037650346756,0.12388290464878082,0.12340890616178513,0.12376105040311813
