,bandit_weighted,bandit_final,all_source,target_train,random_source
0,1.3895301818847656,0.9670367240905762,1.566011905670166,1.3426008224487305,1.9860904216766357
