,bandit,all_source,target_train,random_source
0,0.078797576456104,0.13653558882594108,0.02512628991929239,0.03521605512307007
