,bandit_weighted,bandit_final,all_source,target_train,random_source
0,0.47309459658966746,0.3743635487202126,0.5591002055615354,0.29789360432930584,0.35404711073030815
