,bandit,all_source,target_train,random_source
0,357.5365863120132,828.5076176159421,5.315827882452938,827.0890004277182
