,bandit,all_source,target_train,random_source
0,0.052466514450020305,0.10597214683420672,0.0075352870228222926,0.08488820116825158
