,bandit,all_source,target_train,random_source
0,0.04630568802926065,0.09162944796766928,0.06540444950521233,0.029739479535026002
