,bandit,all_source,target_train,random_source
0,0.09780705720186234,0.09661781042814255,0.09543997049331665,0.11420443654060364
