,bandit,all_source,target_train,random_source
0,0.06645368784666061,0.06645417958498001,0.07043655961751938,0.06657089293003082
