,bandit,all_source,target_train,random_source
0,0.07207491993904114,0.07265381515026093,0.07204203307628632,0.07413934916257858
