,bandit_weighted,bandit_final,all_source,target_train,random_source
0,1.2309277057647705,0.4829149842262268,1.9237384796142578,0.40025991201400757,0.17857977747917175
