,bandit_weighted,bandit_final,all_source,target_train,random_source
0,1.2974058389663696,0.8597990870475769,1.6868667602539062,0.7911491394042969,2.0088348388671875
