,bandit_weighted,bandit_final,all_source,target_train,random_source
0,0.27284079790115356,0.14022281765937805,0.321445107460022,0.12717747688293457,1.1696982383728027
