,bandit,all_source,target_train,random_source
0,0.0847063660621643,0.08526287227869034,0.08952357620000839,0.08499646186828613
