,bandit_weighted,bandit_final,all_source,target_train,random_source
0,1.1465413939696465,0.5353496496657292,1.8255601000158446,0.5319637074320261,2.2193814267894374
