,bandit,all_source,target_train,random_source
0,15.804283647464501,156.21525965627794,15.145447489066337,282.71687135086296
