,bandit,all_source,target_train,random_source
0,12.921830880016687,93.84983799252358,7.184041068791996,93.71049687749556
