,bandit_weighted,bandit_final,all_source,target_train,random_source
0,0.5129910707473755,0.5124395489692688,0.5242184400558472,0.4606090188026428,0.9882907867431641
