,bandit,all_source,target_train,random_source
0,0.13136789202690125,0.14038658142089844,0.09279809147119522,0.125623419880867
