,bandit,all_source,target_train,random_source
0,0.04393881133402898,0.11047423722980698,0.007706193095126214,0.014075947684577822
