,bandit_weighted,bandit_final,all_source,target_train,random_source
0,0.9037230610847473,0.2889567017555237,2.1184117794036865,0.2114318311214447,0.45290809869766235
