,bandit,all_source,target_train,random_source
0,0.06309054632956848,0.06300705710139247,0.06534892807214406,0.10136540686299608
