,bandit_weighted,bandit_final,all_source,target_train,random_source
0,0.8591026067733765,0.3835506737232208,2.033966064453125,0.3703992962837219,1.986515760421753
