,bandit,all_source,target_train,random_source
0,0.10153049230575562,0.10086406767368317,0.09843053668737411,0.09855015575885773
