,bandit,all_source,target_train,random_source
0,0.07766786962747574,0.07617830485105515,0.07591334730386734,0.07569792866706848
