,bandit,all_source,target_train,random_source
0,0.05232363391252091,0.09444451243068384,0.024834553792294427,0.04689974599602344
