,bandit_weighted,bandit_final,all_source,target_train,random_source
0,1.4212634563446045,1.343464732170105,1.3784067630767822,1.40988290309906,0.9971750974655151
