,bandit_weighted,bandit_final,all_source,target_train,random_source
0,0.444114593413925,0.3750103419864853,0.5712677155370748,0.3749235334081673,0.37401724677006165
