,bandit,all_source,target_train,random_source
0,0.04578980212562677,0.0741636013375008,0.04015328607367753,0.04304028240194492
