,bandit_weighted,bandit_final,all_source,target_train,random_source
0,1.2240349962325934,0.8868663487281833,1.5615603305673844,0.8868258572263177,2.0116054772145917
