,bandit_weighted,bandit_final,all_source,target_train,random_source
0,1.1090817813262848,0.25470470248989796,1.9823982780073688,0.25385714941068516,1.490996479955084
