,bandit,all_source,target_train,random_source
0,0.07231399416923523,0.07332850247621536,0.0719422921538353,0.07189138978719711
