,bandit_weighted,bandit_final,all_source,target_train,random_source
0,0.308127760887146,0.25097906589508057,0.4886423647403717,0.20247463881969452,0.12845158576965332
