,bandit_weighted,bandit_final,all_source,target_train,random_source
0,0.3825891315937042,0.25271788239479065,0.46827077865600586,0.25786715745925903,0.2692939341068268
