,bandit_weighted,bandit_final,all_source,target_train,random_source
0,0.2707751393318176,0.15820607542991638,0.4632247984409332,0.19867382943630219,0.41021236777305603
