,bandit_weighted,bandit_final,all_source,target_train,random_source
0,0.33389341724614,0.2551801985630326,0.521000706130853,0.2547453925276296,2.300403104461282
