,bandit_weighted,bandit_final,all_source,target_train,random_source
0,0.31108200550079346,0.22797875106334686,0.4558451175689697,0.14039663970470428,0.07632385194301605
