,bandit_weighted,bandit_final,all_source,target_train,random_source
0,1.1424686908721924,0.5030739903450012,1.9449819326400757,0.4491245746612549,1.2759126424789429
