,bandit_weighted,bandit_final,all_source,target_train,random_source
0,0.6630924940109253,0.6364970207214355,0.6057570576667786,0.4959876537322998,0.42242297530174255
