,bandit,all_source,target_train,random_source
0,0.048863358976661365,0.12176591284559554,0.04976525468062933,0.17773902434299543
