,bandit_weighted,bandit_final,all_source,target_train,random_source
0,1.248531147969874,0.70583740817234,1.8468098964151025,0.6665357895905463,1.6105113862223341
