,bandit_weighted,bandit_final,all_source,target_train,random_source
0,0.300286203622818,0.26403823494911194,0.4772643446922302,0.24642431735992432,0.30108439922332764
