,bandit,all_source,target_train,random_source
0,0.12446462363004684,0.15047024190425873,0.09891844540834427,0.24100346863269806
