,bandit_weighted,bandit_final,all_source,target_train,random_source
0,0.5484054314035429,0.5069687076644425,0.6411787100171471,0.5069408306596244,0.5394643921361828
