,bandit,all_source,target_train,random_source
0,0.04967696902936805,0.09039767636700102,0.021696547383521954,0.048490762231939676
