,bandit_weighted,bandit_final,all_source,target_train,random_source
0,0.6166167259216309,0.5583709478378296,0.7275397777557373,0.5051214694976807,0.6614276170730591
