,bandit,all_source,target_train,random_source
0,0.11635428667068481,0.1593511998653412,0.10299170762300491,0.1256367266178131
