,bandit,all_source,target_train,random_source
0,0.12317987531423569,0.12173739075660706,0.12211062759160995,0.12449045479297638
