,bandit,all_source,target_train,random_source
0,0.11549186706542969,0.11594900488853455,0.12261557579040527,0.11737201362848282
