,bandit,all_source,target_train,random_source
0,0.06325310564864636,0.09786172196148547,0.04747616521818109,0.05853873945050716
