,bandit_weighted,bandit_final,all_source,target_train,random_source
0,1.2339900221423652,0.75850581961949,1.846544361481169,0.6728463345714886,2.336576301376301
