,bandit_weighted,bandit_final,all_source,target_train,random_source
0,0.5054416656494141,0.44770535826683044,0.5034213662147522,0.46528273820877075,1.2295063734054565
