,bandit_weighted,bandit_final,all_source,target_train,random_source
0,0.664688229560852,0.5755317211151123,0.7303940653800964,0.4768192768096924,0.7635277509689331
