,bandit_weighted,bandit_final,all_source,target_train,random_source
0,1.2883761738397959,0.6789455205631686,1.8468098964151025,0.6665357895905463,0.670758110941301
