,bandit,all_source,target_train,random_source
0,0.02438004563208978,0.11741158363411178,0.011964875611701741,0.12017155292694322
