,bandit,all_source,target_train,random_source
0,0.08229416608810425,0.08495421707630157,0.0825609564781189,0.08231023699045181
