,bandit,all_source,target_train,random_source
0,0.10866399109363556,0.13399361073970795,0.10450669378042221,0.09528373926877975
