,bandit,all_source,target_train,random_source
0,0.07714365010005753,0.9670317522689171,0.10266470721759921,0.9593722536489514
