,bandit,all_source,target_train,random_source
0,0.23170051425377533,3.4366637360839505,0.07285519529778584,5.024528721809344
