,bandit_weighted,bandit_final,all_source,target_train,random_source
0,1.1347382765059395,0.3054788196034527,1.999964449647269,0.30563414256035315,1.5383646757892184
