,bandit,all_source,target_train,random_source
0,0.09461729973554611,0.09068216383457184,0.09681490808725357,0.09264320135116577
