,bandit,all_source,target_train,random_source
0,0.07864928990602493,0.07768694311380386,0.07898709923028946,0.08960999548435211
