,bandit_weighted,bandit_final,all_source,target_train,random_source
0,0.3409579396247864,0.21702413260936737,0.472658634185791,0.23225435614585876,1.2239402532577515
