,bandit_weighted,bandit_final,all_source,target_train,random_source
0,0.5025328397750854,0.32954996824264526,0.5536317825317383,0.38677269220352173,1.0917737483978271
