,bandit,all_source,target_train,random_source
0,0.12709878385066986,0.11116468161344528,0.12749214470386505,0.12811397016048431
