,bandit,all_source,target_train,random_source
0,0.12269238382577896,0.15030401945114136,0.12124272435903549,0.12618222832679749
