,bandit,all_source,target_train,random_source
0,0.08212207050831896,0.11057057306968565,0.07537243897820821,0.15477550060107353
