,bandit,all_source,target_train,random_source
0,0.035209554235074214,0.09669681556853693,0.013259352624244769,0.07223380649252163
