,bandit_weighted,bandit_final,all_source,target_train,random_source
0,1.0409928560256958,0.7394850254058838,2.0554490089416504,0.4113212525844574,1.5314695835113525
