,bandit_weighted,bandit_final,all_source,target_train,random_source
0,0.26321759819984436,0.2453557699918747,0.45863252878189087,0.1891077607870102,1.1834388971328735
