,bandit,all_source,target_train,random_source
0,0.021989662684233913,0.07964170873258683,0.006444535542439606,0.017772620011489222
