,bandit,all_source,target_train,random_source
0,0.08984487503767014,0.09075843542814255,0.09814653545618057,0.08997875452041626
