,bandit,all_source,target_train,random_source
0,0.06886753439903259,0.07008516043424606,0.09496423602104187,0.06797231733798981
