,bandit,all_source,target_train,random_source
0,0.09255202114582062,0.09512614458799362,0.10403312742710114,0.09467115998268127
