,bandit,all_source,target_train,random_source
0,0.08675286918878555,0.08468358963727951,0.08667458593845367,0.0857786014676094
