,bandit_weighted,bandit_final,all_source,target_train,random_source
0,0.3670727833010037,0.3648252367971575,0.5087285862173436,0.364825123658559,0.36940888632635965
