,bandit,all_source,target_train,random_source
0,0.04731748068993159,0.09167744847050155,0.013369099531359474,0.0228448483327019
