,bandit_weighted,bandit_final,all_source,target_train,random_source
0,0.6472207903862,0.3099347949028015,0.461459219455719,0.2912786602973938,0.06317698955535889
