,bandit_weighted,bandit_final,all_source,target_train,random_source
0,0.45052799582481384,0.48490434885025024,0.5999160408973694,0.39842814207077026,0.1375865638256073
