,bandit_weighted,bandit_final,all_source,target_train,random_source
0,1.291512131690979,0.5990978479385376,1.9210582971572876,0.6164511442184448,1.790723443031311
