,bandit,all_source,target_train,random_source
0,0.05925626429604306,0.6064113584393586,0.06740356535779427,0.6014600970999362
