,bandit,all_source,target_train,random_source
0,0.07599250972270966,0.07868890464305878,0.08027775585651398,0.07880657911300659
