,bandit,all_source,target_train,random_source
0,0.021827923535402898,0.07964170873258683,0.006444535542439606,0.00527799696330904
