,bandit_weighted,bandit_final,all_source,target_train,random_source
0,0.5085443353662275,0.45180763813118424,0.5452813989822125,0.4364380145604037,1.5647671292783687
