,bandit,all_source,target_train,random_source
0,0.08831040561199188,0.0950789824128151,0.09171350300312042,0.07872763276100159
