,bandit,all_source,target_train,random_source
0,0.12277010828256607,0.12419521063566208,0.12314319610595703,0.12287268787622452
