,bandit,all_source,target_train,random_source
0,0.12135522812604904,0.12572166323661804,0.12134789675474167,0.1223037987947464
