,bandit,all_source,target_train,random_source
0,0.08404421806335449,0.08392903953790665,0.08854559063911438,0.0840008333325386
