,bandit,all_source,target_train,random_source
0,0.0785345658659935,0.07953407615423203,0.08028268814086914,0.07862640917301178
