,bandit,all_source,target_train,random_source
0,0.042615535604006854,0.13653558882594105,0.02512628991929239,0.09582817930753015
