,bandit,all_source,target_train,random_source
0,0.09118101724566322,0.07618794272709252,0.07666561563598812,0.08657003653300656
