,bandit,all_source,target_train,random_source
0,0.07573357649692178,0.07618794272709252,0.07666561563598812,0.10295029936857802
