,bandit,all_source,target_train,random_source
0,0.10413571447134018,0.10472849011421204,0.12284097820520401,0.10534162819385529
