,bandit,all_source,target_train,random_source
0,0.06292986092288103,0.10597214683420672,0.007535287022822296,0.08488820116825159
