,bandit,all_source,target_train,random_source
0,0.1164933294057846,0.12658195197582245,0.12772847712039948,0.11288503557443619
