,bandit,all_source,target_train,random_source
0,0.09480246901512146,0.09522656351327896,0.10513411462306976,0.09729442745447159
