,bandit,all_source,target_train,random_source
0,0.06188801977074081,0.08557733690313234,0.07790783962756477,0.11226717149991253
