,bandit,all_source,target_train,random_source
0,9.395123479082162,93.39508276438782,5.829514333388297,92.79600904492506
