,bandit,all_source,target_train,random_source
0,2.530317413917517,141.36053566058,1.4362530160104847,309.08527483871086
