,bandit,all_source,target_train,random_source
0,0.09269537031650543,0.09079860895872116,0.09314043074846268,0.09289386123418808
