,bandit,all_source,target_train,random_source
0,0.08041661232709885,0.08055172115564346,0.0829344391822815,0.08056657016277313
