,bandit,all_source,target_train,random_source
0,0.07194223254919052,0.072822704911232,0.07193491607904434,0.07597653567790985
