,bandit,all_source,target_train,random_source
0,0.09106659889221191,0.09269136190414429,0.08097979426383972,0.09437639266252518
