,bandit,all_source,target_train,random_source
0,0.0995747298002243,0.11325504630804062,0.1144072413444519,0.10853562504053116
