,bandit,all_source,target_train,random_source
0,0.05484198519225282,0.07997284552654607,0.05799387061120996,0.16299174462644667
