,bandit,all_source,target_train,random_source
0,0.04461009605205031,0.09162944796766928,0.06540444950521233,0.0330139647220486
