,bandit,all_source,target_train,random_source
0,0.02930993133691287,0.0847671924602727,0.013003028556407097,0.02462471187562343
