,bandit,all_source,target_train,random_source
0,0.058613464567542614,0.4634021000958172,0.01151479547106793,0.44638389516330407
