,bandit,all_source,target_train,random_source
0,0.11915172636508942,0.11643041670322418,0.10291743278503418,0.10591393709182739
