,bandit,all_source,target_train,random_source
0,0.12442629784345627,0.12370488792657852,0.12337159365415573,0.12301897257566452
