,bandit,all_source,target_train,random_source
0,0.129902645945549,0.13399936258792877,0.12990207970142365,0.1348850578069687
