,bandit_weighted,bandit_final,all_source,target_train,random_source
0,0.21434012055397034,0.22035479545593262,0.47545385360717773,0.22068412601947784,0.4534367620944977
