,bandit_weighted,bandit_final,all_source,target_train,random_source
0,1.3263630867004395,0.8197118639945984,1.6091516017913818,0.7425241470336914,0.9200633764266968
