,bandit,all_source,target_train,random_source
0,0.033365980118676225,0.08411597708939393,0.007782107608275296,0.07596322300568312
