,bandit,all_source,target_train,random_source
0,0.0849238708615303,0.08535144478082657,0.08973599225282669,0.10289741307497025
