,bandit_weighted,bandit_final,all_source,target_train,random_source
0,0.3170593242514429,0.27288989963535093,0.5507211608728197,0.2725552769025197,0.2726982134294347
