,bandit,all_source,target_train,random_source
0,0.010756119292126312,0.10710928953045906,0.004109547483935237,0.03389278392160229
