,bandit,all_source,target_train,random_source
0,0.049370815637523414,0.08256803810461577,0.044258538364115904,0.20235056367117177
