,bandit,all_source,target_train,random_source
0,0.10274269431829453,0.10329525172710419,0.11190912872552872,0.10635087639093399
