,bandit,all_source,target_train,random_source
0,0.10062681138515472,0.10052710771560669,0.1013241782784462,0.10068870335817337
