,bandit,all_source,target_train,random_source
0,7.188739094403534,63.13363943121283,5.84888899824569,62.83500397618509
