,bandit,all_source,target_train,random_source
0,2.928196622112585,84.52688490341178,1.5094880836288271,183.98397246834546
