,bandit,all_source,target_train,random_source
0,0.1041216254234314,0.10471996665000916,0.12145928293466568,0.11687540262937546
