,bandit,all_source,target_train,random_source
0,0.11476517468690872,0.12287622690200806,0.11403757333755493,0.12226533144712448
