,bandit,all_source,target_train,random_source
0,0.08525150269269943,0.08447789400815964,0.08326663076877594,0.082286536693573
