,bandit,all_source,target_train,random_source
0,0.013687006650501859,0.08534656274730686,0.013441925011953737,0.17349019620533368
