,bandit,all_source,target_train,random_source
0,0.06166057661175728,0.05718517303466797,0.05643641576170921,0.0574481263756752
