,bandit,all_source,target_train,random_source
0,0.06258359551429749,0.06266898661851883,0.06542659550905228,0.06254347413778305
