,bandit_weighted,bandit_final,all_source,target_train,random_source
0,1.1750999463529417,1.1476507855286553,1.5064065332266516,1.3747522442220188,2.11520683406499
