,bandit,all_source,target_train,random_source
0,0.09226367622613907,0.0923384577035904,0.092613086104393,0.11015846580266953
