,bandit,all_source,target_train,random_source
0,0.10087475925683975,0.09921970963478088,0.09996876120567322,0.10058984160423279
