,bandit,all_source,target_train,random_source
0,0.04504944384098053,0.046089593321084976,0.04554915055632591,0.04638954997062683
