,bandit,all_source,target_train,random_source
0,0.0893004909157753,0.07571582496166229,0.07753321528434753,0.07612213492393494
