,bandit_weighted,bandit_final,all_source,target_train,random_source
0,0.36482787132263184,0.37025177478790283,0.4762808382511139,0.3204069435596466,0.6934916973114014
