,bandit,all_source,target_train,random_source
0,0.039595329198275665,0.13048582274900683,0.0182683458429588,0.012611534954308234
