,bandit,all_source,target_train,random_source
0,0.0498758031246089,0.08342896842163565,0.018072036434996643,0.09370603974188595
