,bandit_weighted,bandit_final,all_source,target_train,random_source
0,0.39955204725265503,0.34653419256210327,0.4927917420864105,0.2639238238334656,0.17117750644683838
