,bandit,all_source,target_train,random_source
0,0.058965347707271576,0.05832725390791893,0.055861614644527435,0.05568298324942589
