,bandit,all_source,target_train,random_source
0,0.06291112303733826,0.06280652433633804,0.06511837989091873,0.06282201409339905
