,bandit,all_source,target_train,random_source
0,0.1069832518696785,0.10410109162330627,0.10785197466611862,0.10271809250116348
