,bandit,all_source,target_train,random_source
0,0.08283509314060211,0.08359911292791367,0.08309299498796463,0.08353788405656815
