,bandit,all_source,target_train,random_source
0,0.10710535198450089,0.13144207000732422,0.10402143746614456,0.1120029091835022
