,bandit_weighted,bandit_final,all_source,target_train,random_source
0,0.31309130787849426,0.15788233280181885,0.38032326102256775,0.21909144520759583,0.08432936668395996
