,bandit,all_source,target_train,random_source
0,0.04850274192338618,0.1257272019154725,0.02397438296737947,0.022445377710758174
