,bandit,all_source,target_train,random_source
0,0.06950443983078003,0.06976455450057983,0.08062034845352173,0.07407862693071365
