,bandit,all_source,target_train,random_source
0,0.12970976531505585,0.12385817617177963,0.12322988361120224,0.12399337440729141
