,bandit_weighted,bandit_final,all_source,target_train,random_source
0,0.3155800780021255,0.30062232038014713,0.5591002055615354,0.29789360432930584,0.9680246411373424
