,bandit,all_source,target_train,random_source
0,8.067294553246306,93.39508276438782,5.829514333388297,92.79600904492506
