,bandit,all_source,target_train,random_source
0,0.018994657177061156,0.03564657283340944,0.014214784742764143,0.035571657878812876
