,bandit,all_source,target_train,random_source
0,0.08950056880712509,0.09075447171926498,0.09131275117397308,0.09039493650197983
