,bandit,all_source,target_train,random_source
0,0.09586063027381897,0.09636031836271286,0.09671939164400101,0.12025979906320572
