,bandit,all_source,target_train,random_source
0,0.05473339557647705,0.054912276566028595,0.05530723184347153,0.06393353641033173
