,bandit,all_source,target_train,random_source
0,0.10591429471969604,0.1087765321135521,0.10768409818410873,0.10801461338996887
