,bandit,all_source,target_train,random_source
0,0.010394295321252519,0.1896590310911424,0.004319683526273504,0.24121568500554091
