,bandit,all_source,target_train,random_source
0,2.548571679469998,6.772206819265333,0.04104005729816728,6.759023947365956
