,bandit,all_source,target_train,random_source
0,0.1011977568268776,0.10482140630483627,0.11077706515789032,0.10084795206785202
