,bandit,all_source,target_train,random_source
0,0.1005643829703331,0.10050428658723831,0.10084766149520874,0.10082878917455673
