,bandit_weighted,bandit_final,all_source,target_train,random_source
0,0.27909034490585327,0.20168963074684143,0.48238110542297363,0.258659303188324,0.7423145771026611
