,bandit,all_source,target_train,random_source
0,0.009814943966485714,0.12489935535239996,0.01513878404195802,0.14856133712319525
