,bandit,all_source,target_train,random_source
0,0.10318443015798273,0.12682574308832711,0.10217181321359997,0.12649273083550883
