,bandit,all_source,target_train,random_source
0,0.09163666516542435,0.09233693033456802,0.0942363440990448,0.09290599822998047
