,bandit,all_source,target_train,random_source
0,0.09201847016811371,0.09344567358493805,0.07989240437746048,0.0886455848813057
