,bandit,all_source,target_train,random_source
0,0.07841917872428894,0.0802268385887146,0.08880205452442169,0.08353713154792786
