,bandit,all_source,target_train,random_source
0,0.09117566049098969,0.09154997020959854,0.09096571803092957,0.09233253449201584
