,bandit_weighted,bandit_final,all_source,target_train,random_source
0,0.3092867136001587,0.26316601037979126,0.5013397932052612,0.1461828052997589,0.3609663248062134
