,bandit,all_source,target_train,random_source
0,0.02689985425585851,0.09595159703602019,0.019124225265921547,0.03452078062642102
