,bandit,all_source,target_train,random_source
0,0.06494033507083993,0.13901050029797213,0.0038661710867349728,0.023086566769690002
