,bandit,all_source,target_train,random_source
0,0.07461291551589966,0.07924995571374893,0.06131667643785477,0.10087455809116364
