,bandit_weighted,bandit_final,all_source,target_train,random_source
0,0.3942314088344574,0.4204736649990082,0.44106632471084595,0.3208649158477783,0.4734731614589691
