,bandit,all_source,target_train,random_source
0,0.08722064644098282,0.09193938970565796,0.06903892010450363,0.11443166434764862
