,bandit,all_source,target_train,random_source
0,0.08614188432693481,0.08532299846410751,0.08963163197040558,0.09672950953245163
