,bandit,all_source,target_train,random_source
0,0.09465746581554413,0.09223732352256775,0.09255892038345337,0.11965925246477127
