,bandit_weighted,bandit_final,all_source,target_train,random_source
0,0.23268644724629958,0.15325479629893357,0.4185800167486886,0.15331371299364355,0.903349342448934
