,bandit_weighted,bandit_final,all_source,target_train,random_source
0,1.0117300092683756,0.7938238769440009,1.7230753226107183,0.788686346336358,2.1319936427478057
