,bandit,all_source,target_train,random_source
0,0.10212332755327225,0.10139390081167221,0.09851226955652237,0.09830188751220703
