,bandit,all_source,target_train,random_source
0,0.0760771855711937,0.07585087418556213,0.07599468529224396,0.07574073225259781
