,bandit,all_source,target_train,random_source
0,0.10178808867931366,0.10270340740680695,0.1102154552936554,0.14497911930084229
