,bandit_weighted,bandit_final,all_source,target_train,random_source
0,1.2048193216323853,0.505571722984314,1.8955581188201904,0.5091704726219177,2.5656802654266357
