,bandit_weighted,bandit_final,all_source,target_train,random_source
0,0.3348028063774109,0.18026825785636902,0.45950397849082947,0.1835031509399414,0.06413917988538742
