,bandit,all_source,target_train,random_source
0,0.04203325750195909,0.0957046962515755,0.029680853557465157,0.04861565295405995
