,bandit_weighted,bandit_final,all_source,target_train,random_source
0,0.3562765121459961,0.3286871016025543,0.5152860879898071,0.3724604845046997,0.1605362594127655
