,bandit,all_source,target_train,random_source
0,0.09116197377443314,0.11947694420814514,0.07409527897834778,0.08139478415250778
