,bandit,all_source,target_train,random_source
0,39.65912283240369,102.67787979401861,7.159140901755005,102.49245380931896
