,bandit,all_source,target_train,random_source
0,0.0641587241957016,0.08342896842163564,0.018072036434996643,0.10398027604774937
