,bandit_weighted,bandit_final,all_source,target_train,random_source
0,0.26375824213027954,0.24642424285411835,0.46024590730667114,0.22723142802715302,0.13095562160015106
