,bandit,all_source,target_train,random_source
0,0.007409659383619277,0.1662490139933571,0.0043170336165210006,0.21528496776793116
