,bandit,all_source,target_train,random_source
0,0.10662435740232468,0.10851681977510452,0.1165485605597496,0.10597649216651917
