,bandit,all_source,target_train,random_source
0,0.06919633597135544,0.06579415500164032,0.06420838087797165,0.06549063324928284
