,bandit_weighted,bandit_final,all_source,target_train,random_source
0,0.18126574158668518,0.13723111152648926,0.39202672243118286,0.16056564450263977,1.1564679145812988
