,bandit_weighted,bandit_final,all_source,target_train,random_source
0,0.2208748310804367,0.29141899943351746,0.3007338047027588,0.20527994632720947,0.8421610593795776
