,bandit,all_source,target_train,random_source
0,0.006804362639427424,0.1111547763197895,0.006418396589770055,0.1231190961218169
