,bandit_weighted,bandit_final,all_source,target_train,random_source
0,0.19344625013915068,0.13000288105766256,0.5038223596120929,0.12984690235761112,1.7322704753733862
