,bandit_weighted,bandit_final,all_source,target_train,random_source
0,0.14365917330496716,0.09756785601308354,0.46931945922460266,0.09713840175188275,1.9817350446773703
