,bandit,all_source,target_train,random_source
0,0.07398016005754471,0.07230474799871445,0.07189162075519562,0.07252100855112076
