,bandit,all_source,target_train,random_source
0,0.06265014410018921,0.06260441988706589,0.06606484204530716,0.0628662258386612
