,bandit,all_source,target_train,random_source
0,0.07288143783807755,0.07657919079065323,0.0619015246629715,0.08363974839448929
