,bandit,all_source,target_train,random_source
0,0.11245623230934143,0.11546435952186584,0.09138813614845276,0.0965854674577713
