,bandit,all_source,target_train,random_source
0,0.09110952168703079,0.09125515818595886,0.09635540097951889,0.09279760718345642
