,bandit,all_source,target_train,random_source
0,0.05606858804821968,0.05529027432203293,0.05480600520968437,0.05510267615318298
