,bandit_weighted,bandit_final,all_source,target_train,random_source
0,0.2300128729031298,0.20954317391522678,0.5310759564496088,0.21065989578726868,1.6839130341495383
