,bandit_weighted,bandit_final,all_source,target_train,random_source
0,0.8613364100456238,0.5872113704681396,1.6211683750152588,0.6221525073051453,2.176680088043213
