,bandit_weighted,bandit_final,all_source,target_train,random_source
0,0.5894431116162177,0.6020786476772917,0.6651084435244484,0.607225977848381,2.10634074157087
