,bandit_weighted,bandit_final,all_source,target_train,random_source
0,1.1621307181617895,0.7258158184235479,1.8056819928314998,0.7195363369817425,2.2528327468475937
