,bandit,all_source,target_train,random_source
0,0.06466314142994754,0.08557733690313234,0.07790783962756478,0.06612085226027278
