,bandit,all_source,target_train,random_source
0,0.05118121579289436,0.051518648862838745,0.05104199796915054,0.05139182507991791
