,bandit,all_source,target_train,random_source
0,0.1035483255982399,0.10110020637512207,0.10261689871549606,0.09977878630161285
