,bandit_weighted,bandit_final,all_source,target_train,random_source
0,0.9244338274002075,0.621112585067749,0.9427560567855835,0.5695130228996277,0.6088697910308838
