,bandit_weighted,bandit_final,all_source,target_train,random_source
0,0.702478289604187,0.4861620366573334,1.9822736978530884,0.4396280348300934,1.3553248643875122
