,bandit_weighted,bandit_final,all_source,target_train,random_source
0,0.407325804233551,0.39485007524490356,0.48245635628700256,0.38377490639686584,0.1368655264377594
