,bandit,all_source,target_train,random_source
0,0.07195436209440231,0.07255541533231735,0.07200012356042862,0.07232256233692169
