,bandit,all_source,target_train,random_source
0,0.10350043326616287,0.10200807452201843,0.10147067904472351,0.10130932182073593
