,bandit,all_source,target_train,random_source
0,0.05247687471919573,0.08256803810461577,0.044258538364115904,0.13818449018394385
