,bandit,all_source,target_train,random_source
0,0.08788186311721802,0.09403850883245468,0.09098339080810547,0.1892712563276291
