,bandit,all_source,target_train,random_source
0,0.04171152693116453,0.07964170873258683,0.006444535542439606,0.12124931781727821
