,bandit_weighted,bandit_final,all_source,target_train,random_source
0,0.25120097398757935,0.26495683193206787,0.4541706144809723,0.23873963952064514,0.01504941564053297
