,bandit_weighted,bandit_final,all_source,target_train,random_source
0,1.0487861633300781,0.8534310460090637,1.6760820150375366,0.7424271702766418,0.5443505048751831
