,bandit_weighted,bandit_final,all_source,target_train,random_source
0,0.45187941850142754,0.4229944558238724,0.6073513037012214,0.42299176296745367,0.4224151082559608
