,bandit,all_source,target_train,random_source
0,0.0853571891784668,0.09207399189472198,0.06905867904424667,0.11825285106897354
