,bandit,all_source,target_train,random_source
0,0.10587091743946075,0.1035679504275322,0.10218431800603867,0.10115466266870499
