,bandit,all_source,target_train,random_source
0,0.04176403674192418,0.07932978729680436,0.043706334515751316,0.19068959080860637
