,bandit,all_source,target_train,random_source
0,0.05629232452130086,0.09444451243068384,0.024834553792294427,0.04072717265561784
