,bandit,all_source,target_train,random_source
0,0.03821488624212717,0.08342896842163564,0.018072036434996643,0.06368699739163114
