,bandit,all_source,target_train,random_source
0,0.06556876003742218,0.08258945494890213,0.061608027666807175,0.06641000509262085
