,bandit,all_source,target_train,random_source
0,0.06578268745536478,0.11016231983793952,0.00913129922672334,0.15135051167057656
