,bandit,all_source,target_train,random_source
0,0.04579216514942826,0.11047423722980698,0.007706193095126214,0.1286460636221814
