,bandit,all_source,target_train,random_source
0,0.09915187954902649,0.09917425364255905,0.0997920036315918,0.09915153682231903
