,bandit,all_source,target_train,random_source
0,0.1004561334848404,0.1142544373869896,0.09477578848600388,0.10857677459716797
