,bandit,all_source,target_train,random_source
0,0.07373419107595985,0.11057057306968568,0.0753724389782082,0.06966302209134297
