,bandit,all_source,target_train,random_source
0,0.07980616877493911,0.11057057306968568,0.0753724389782082,0.06827114880715154
