,bandit,all_source,target_train,random_source
0,0.0317786303268635,0.08676192865157026,0.04160317948044865,0.03185751176070563
