,bandit_weighted,bandit_final,all_source,target_train,random_source
0,0.2284634325124924,0.13062129301593658,0.4644439271324166,0.07949059332797037,1.3005446439367918
