,bandit,all_source,target_train,random_source
0,0.11130928993225098,0.11024210602045059,0.1091902032494545,0.11167021840810776
