,bandit,all_source,target_train,random_source
0,0.13667534291744232,0.12665559351444244,0.13389630615711212,0.13713835179805756
