,bandit_weighted,bandit_final,all_source,target_train,random_source
0,0.30174818511676343,0.25232924883223806,0.5397385659131666,0.23949191024780347,0.2419298136455088
