,bandit_weighted,bandit_final,all_source,target_train,random_source
0,0.20523636043071747,0.3238521218299866,0.31263384222984314,0.10487254709005356,0.012296614237129688
