,bandit,all_source,target_train,random_source
0,0.05105650797486305,0.05110947787761688,0.05106743797659874,0.0511811301112175
