,bandit,all_source,target_train,random_source
0,0.01673970095060303,0.08802247390230597,0.021747943533851143,0.14863948959511042
