,bandit,all_source,target_train,random_source
0,0.10515067726373672,0.10423870384693146,0.12380599975585938,0.14632746577262878
