,bandit,all_source,target_train,random_source
0,0.09806236624717712,0.09698088467121124,0.09638749808073044,0.09533099830150604
