,bandit,all_source,target_train,random_source
0,0.10947360843420029,0.11190494894981384,0.10655369609594345,0.11128230392932892
