,bandit,all_source,target_train,random_source
0,0.10572610795497894,0.1076861321926117,0.11606431007385254,0.10837426781654358
