,bandit,all_source,target_train,random_source
0,0.0922374352812767,0.09230027347803116,0.09245917946100235,0.09224268794059753
