,bandit,all_source,target_train,random_source
0,0.07203814387321472,0.07251789420843124,0.07203592360019684,0.08346442133188248
