,bandit,all_source,target_train,random_source
0,0.05845799297094345,0.05481420084834099,0.05473900958895683,0.05745955556631088
