,bandit,all_source,target_train,random_source
0,0.07414260506629944,0.07922828197479248,0.06193690374493599,0.06321649253368378
