,bandit,all_source,target_train,random_source
0,0.05106540082418849,0.09786172196148547,0.04747616521818109,0.0600942984535323
