,bandit,all_source,target_train,random_source
0,0.009209152299295682,0.07180084058394705,0.010171874227435906,0.12102267577458345
