,bandit,all_source,target_train,random_source
0,0.044245555996894836,0.04539600387215614,0.04645269736647606,0.043346185237169266
