,bandit,all_source,target_train,random_source
0,0.13557946681976318,0.15559154748916626,0.12392884492874146,0.1542900800704956
