,bandit,all_source,target_train,random_source
0,0.10960204899311066,0.11076454818248749,0.13096362352371216,0.11703695356845856
