,bandit_weighted,bandit_final,all_source,target_train,random_source
0,0.33263233980409057,0.2707349886911164,0.5507211608728197,0.2725552769025197,0.3275495005952413
