,bandit,all_source,target_train,random_source
0,0.09102120250463486,0.09946140646934509,0.09756601601839066,0.093113973736763
