,bandit,all_source,target_train,random_source
0,0.06715792417526245,0.06721008569002151,0.06831160187721252,0.06789840757846832
