,bandit,all_source,target_train,random_source
0,0.08017069101333618,0.07976718991994858,0.08868090808391571,0.08077450841665268
