,bandit,all_source,target_train,random_source
0,0.10468840599060059,0.10511770844459534,0.10505978763103485,0.10529635101556778
