,bandit,all_source,target_train,random_source
0,0.018791844976807654,0.09167744847050155,0.013369099531359474,0.053395830899510055
