,bandit_weighted,bandit_final,all_source,target_train,random_source
0,1.1901886463165283,0.7562612295150757,1.564141869544983,0.7150106430053711,0.8172675967216492
