,bandit,all_source,target_train,random_source
0,0.08170198331036811,0.13653558882594108,0.02512628991929239,0.09589213325830845
