,bandit,all_source,target_train,random_source
0,0.06086039480395594,0.11741158363411175,0.011964875611701734,0.12209832168350636
