,bandit_weighted,bandit_final,all_source,target_train,random_source
0,0.6243280704937313,0.6245017369623544,0.6877854579538472,0.6238410432438777,0.6416041554653817
