,bandit,all_source,target_train,random_source
0,0.14972706590633347,0.2789564900724467,0.04538429247826326,0.27851664506138374
