,bandit,all_source,target_train,random_source
0,0.8142817166553145,9.032947913876901,0.1218389625582752,8.925391189170657
