,bandit,all_source,target_train,random_source
0,0.07618789374828339,0.07603445649147034,0.07584275305271149,0.07629812508821487
