,bandit,all_source,target_train,random_source
0,0.10096260905265808,0.10369819402694702,0.10144105553627014,0.10920282453298569
