,bandit,all_source,target_train,random_source
0,0.038719962501850405,0.09039767636700102,0.021696547383521954,0.1077726420085584
