,bandit_weighted,bandit_final,all_source,target_train,random_source
0,0.18962422013282776,0.27105632424354553,0.42708978056907654,0.2552216649055481,0.07355882227420807
