,bandit,all_source,target_train,random_source
0,0.046713602969157185,1.3289872029000411,0.014751887415717025,1.3259502783833237
