,bandit,all_source,target_train,random_source
0,0.11047232140978379,0.17082030855705405,0.03454586202919066,0.6135411003846466
