,bandit,all_source,target_train,random_source
0,0.08394378765360869,0.11057057306968568,0.0753724389782082,0.12761457513852753
