,bandit_weighted,bandit_final,all_source,target_train,random_source
0,0.205668643116951,0.11466561257839203,0.3206613063812256,0.06168783828616142,0.04888881742954254
