,bandit_weighted,bandit_final,all_source,target_train,random_source
0,0.27294740080833435,0.3807317912578583,0.4884589612483978,0.3159772455692291,0.3986685574054718
