,bandit,all_source,target_train,random_source
0,0.0895618751298714,0.13653558882594108,0.02512628991929239,0.02830555686008223
