,bandit_weighted,bandit_final,all_source,target_train,random_source
0,1.2383543252944946,0.8389273881912231,1.4080536365509033,0.8519471883773804,0.7172041535377502
