,bandit,all_source,target_train,random_source
0,0.060565777122974396,0.06279315054416656,0.06539878994226456,0.06997576355934143
