,bandit_weighted,bandit_final,all_source,target_train,random_source
0,0.6995931286229259,0.7614220907321952,0.7007904580683085,0.7122193563933357,0.9164758866319666
