,bandit,all_source,target_train,random_source
0,0.12443133443593979,0.12379994243383408,0.1234070211648941,0.12370576709508896
