,bandit,all_source,target_train,random_source
0,0.13898764550685883,0.1364777833223343,0.12998297810554504,0.13021552562713623
