,bandit,all_source,target_train,random_source
0,0.027393543023533036,0.11047423722980698,0.007706193095126217,0.1286460636221814
