,bandit_weighted,bandit_final,all_source,target_train,random_source
0,0.9448627794565272,0.7511484641546461,1.6157524825907044,0.7601901190764323,0.7466987512871459
