,bandit,all_source,target_train,random_source
0,0.014525539225641173,0.08005680972821105,0.006880191065068179,0.035280067958621625
