,bandit,all_source,target_train,random_source
0,0.12484025955200195,0.12023080885410309,0.10264167189598083,0.10297652333974838
