,bandit,all_source,target_train,random_source
0,0.0745874032884298,0.09167744847050155,0.013369099531359457,0.035856579072900206
