,bandit_weighted,bandit_final,all_source,target_train,random_source
0,0.8226234316825867,0.7679007649421692,1.468666434288025,0.7209373712539673,1.2586987018585205
