,bandit,all_source,target_train,random_source
0,0.06272333860397339,0.06315023452043533,0.07275457680225372,0.06839993596076965
