,bandit_weighted,bandit_final,all_source,target_train,random_source
0,0.5912997126579285,0.5870813131332397,0.6439984440803528,0.514646589756012,0.5568059682846069
