,bandit,all_source,target_train,random_source
0,0.07963428646326065,0.07724304497241974,0.07970783859491348,0.08268367499113083
