,bandit,all_source,target_train,random_source
0,0.09658746421337128,0.09732576459646225,0.09630602598190308,0.10116197913885117
