,bandit_weighted,bandit_final,all_source,target_train,random_source
0,0.35562095046043396,0.2925643026828766,0.45228710770606995,0.17028364539146423,1.0615651607513428
