,bandit,all_source,target_train,random_source
0,0.1235208809375763,0.12446842342615128,0.12336952239274979,0.12353695183992386
