,bandit,all_source,target_train,random_source
0,0.07367189228534698,0.06856539100408554,0.07861298322677612,0.07454121112823486
