,bandit,all_source,target_train,random_source
0,0.07797656208276749,0.08033762872219086,0.06605244427919388,0.06877744942903519
