,bandit,all_source,target_train,random_source
0,0.03756376039777921,0.08534656274730686,0.013441925011953737,0.1548379565793957
