,bandit_weighted,bandit_final,all_source,target_train,random_source
0,0.5063384771347046,0.4721905291080475,0.5770047903060913,0.47259122133255005,0.5789722800254822
