,bandit,all_source,target_train,random_source
0,0.11698102205991745,0.11647766828536987,0.122366763651371,0.11603829264640808
