,bandit,all_source,target_train,random_source
0,0.10803220421075821,0.10405313223600388,0.10697261989116669,0.10413848608732224
