,bandit_weighted,bandit_final,all_source,target_train,random_source
0,0.3253578245639801,0.1768723428249359,0.4400959014892578,0.15729406476020813,0.027411121875047684
