,bandit,all_source,target_train,random_source
0,0.09692874550819397,0.08467526733875275,0.08616014569997787,0.08859658241271973
