,bandit,all_source,target_train,random_source
0,0.06982067972421646,0.07570913434028625,0.062021221965551376,0.06090564653277397
