,bandit,all_source,target_train,random_source
0,0.112574502825737,0.1017167940735817,0.11249899119138718,0.10181202739477158
