,bandit_weighted,bandit_final,all_source,target_train,random_source
0,1.4527113437652588,0.5540295839309692,1.8382145166397095,0.49040427803993225,2.5990405082702637
