,bandit,all_source,target_train,random_source
0,0.06046234182781709,0.09786172196148547,0.04747616521818109,0.12966185493182772
