,bandit,all_source,target_train,random_source
0,0.08497755229473114,0.08965639024972916,0.08467380702495575,0.08585266768932343
