,bandit,all_source,target_train,random_source
0,0.10884875059127808,0.12072412669658661,0.10723426192998886,0.1105569526553154
