,bandit_weighted,bandit_final,all_source,target_train,random_source
0,0.9422842264175415,0.9781540632247925,1.3333231210708618,1.3372095823287964,1.1707255840301514
