,bandit,all_source,target_train,random_source
0,0.1932479597176707,0.9281309948912273,0.02379829608485784,1.5649361186594324
