,bandit,all_source,target_train,random_source
0,0.11044957488775253,0.11804840713739395,0.10800408571958542,0.11473879963159561
