,bandit,all_source,target_train,random_source
0,0.08876596391201019,0.0886341780424118,0.09351565688848495,0.08923367410898209
