,bandit_weighted,bandit_final,all_source,target_train,random_source
0,0.3088643227915786,0.21165348974587955,0.5310759564496088,0.21065989578726868,0.21229744336817702
