,bandit,all_source,target_train,random_source
0,0.09580098784040006,0.09650694731095313,0.09957629645670295,0.11272608925601746
