,bandit_weighted,bandit_final,all_source,target_train,random_source
0,0.6678013801574707,0.3286362290382385,2.036973714828491,0.25975513458251953,2.086392641067505
