,bandit_weighted,bandit_final,all_source,target_train,random_source
0,0.3248720328448847,0.1250756739149521,0.5039002559553192,0.1246911865826446,0.12480163454816773
