,bandit,all_source,target_train,random_source
0,0.0776488333940506,0.07912442088127136,0.07753890007734299,0.0705970823764801
