,bandit,all_source,target_train,random_source
0,0.10330421477556229,0.10463187843561172,0.1101958304643631,0.10673646628856659
