,bandit,all_source,target_train,random_source
0,0.104519784450531,0.11010228097438812,0.10445424169301987,0.11610769480466843
