,bandit,all_source,target_train,random_source
0,0.014922589604223857,0.07180084058394705,0.010171874227435906,0.19102803185980294
