,bandit,all_source,target_train,random_source
0,0.09671402722597122,0.08175961673259735,0.08686769753694534,0.08471540361642838
