,bandit,all_source,target_train,random_source
0,0.12142181396484375,0.127238467335701,0.12188978493213654,0.12517759203910828
