,bandit_weighted,bandit_final,all_source,target_train,random_source
0,0.19784403983546497,0.17260695392261863,0.42645891337155606,0.17206651376080173,1.546518255941715
