,bandit,all_source,target_train,random_source
0,0.8028391999448231,1.3985224616596719,0.13821709450857284,3.5459783115058
