,bandit,all_source,target_train,random_source
0,0.08758976915730263,1.0549149496631176,0.10842613920636048,1.053097263358364
