,bandit_weighted,bandit_final,all_source,target_train,random_source
0,0.3603176176548004,0.06302762776613235,0.30770379304885864,0.06553801149129868,0.024237070232629776
