,bandit,all_source,target_train,random_source
0,0.05292677626067086,0.0741636013375008,0.04015328607367753,0.041401595772517855
