,bandit,all_source,target_train,random_source
0,0.07728709280490875,0.0787736251950264,0.08046207576990128,0.12017554044723511
