,bandit,all_source,target_train,random_source
0,267.04185221787446,374.90138227994044,5.906975832175459,374.7197996287285
