,bandit,all_source,target_train,random_source
0,0.05863762187179815,0.08557733690313234,0.07790783962756477,0.058401799210766735
