,bandit,all_source,target_train,random_source
0,0.06015035215393939,0.09786172196148547,0.04747616521818109,0.061991315666240124
