,bandit_weighted,bandit_final,all_source,target_train,random_source
0,0.5529337710961693,0.5608976273969485,0.6494849154741327,0.5527726758756232,0.5815449135559007
