,bandit_weighted,bandit_final,all_source,target_train,random_source
0,0.33578959107398987,0.31896013021469116,0.451131671667099,0.24264749884605408,0.7440136075019836
