,bandit,all_source,target_train,random_source
0,0.008443873207423213,0.08411597708939393,0.007782107608275303,0.02887729956003222
