,bandit_weighted,bandit_final,all_source,target_train,random_source
0,0.41507047414779663,0.3886041045188904,0.5044154524803162,0.23481914401054382,0.43893298506736755
