,bandit,all_source,target_train,random_source
0,0.08803905546665192,0.08584999293088913,0.09321590512990952,0.0865773931145668
