,bandit,all_source,target_train,random_source
0,0.06097475066781044,0.06183990091085434,0.060985468327999115,0.06107340008020401
