,bandit,all_source,target_train,random_source
0,0.004140958062396215,0.12028956598869973,0.004192568124755222,0.2227153747906164
