,bandit_weighted,bandit_final,all_source,target_train,random_source
0,1.2653510570526123,0.8142191767692566,1.4623674154281616,0.7776382565498352,1.4732539653778076
