,bandit_weighted,bandit_final,all_source,target_train,random_source
0,0.8941495196185183,1.033885817368021,0.8447290620016876,0.8459278142146301,0.8977993204089246
