,bandit_weighted,bandit_final,all_source,target_train,random_source
0,0.5042954683303833,0.5542421340942383,0.623444676399231,0.4947170615196228,0.7686346769332886
