,bandit,all_source,target_train,random_source
0,0.07773923770409082,0.37055599982914955,0.033063747549119296,0.36863842958268755
