,bandit,all_source,target_train,random_source
0,0.10396330058574677,0.10258425772190094,0.10212982445955276,0.10108659416437149
