,bandit,all_source,target_train,random_source
0,0.07683756947517395,0.0762634202837944,0.07599829882383347,0.07597057521343231
