,bandit_weighted,bandit_final,all_source,target_train,random_source
0,0.3651743235701024,0.36369410421823783,0.5087285862173436,0.364825123658559,0.3616580987819265
