,bandit,all_source,target_train,random_source
0,0.0934518426656723,0.09776558727025986,0.09193374961614609,0.07891269028186798
