,bandit,all_source,target_train,random_source
0,0.043481312384299885,1.0378126178507865,0.04024433389282793,3.959259085428557
