,bandit,all_source,target_train,random_source
0,0.09500107200223834,0.5927369728296995,0.028701515891572677,0.5925992849646249
