,bandit,all_source,target_train,random_source
0,0.07464926002570685,0.10597214683420672,0.007535287022822296,0.010209841533988285
