,bandit_weighted,bandit_final,all_source,target_train,random_source
0,0.29064138821350627,0.09432804245572197,0.3941869570110307,0.09286731092865463,0.8477860753774191
