,bandit,all_source,target_train,random_source
0,0.057741668724153275,0.09444451243068384,0.024834553792294427,0.08598190175108716
