,bandit,all_source,target_train,random_source
0,0.026156703328198794,0.07483784260373794,0.011356899094331652,0.15873691340460466
