,bandit,all_source,target_train,random_source
0,0.09036073088645935,0.0929737389087677,0.09701050817966461,0.09560728073120117
