,bandit_weighted,bandit_final,all_source,target_train,random_source
0,0.44371771812438965,0.3567963242530823,0.5322469472885132,0.3663070499897003,0.4340866506099701
