,bandit_weighted,bandit_final,all_source,target_train,random_source
0,0.28765082359313965,0.29430556297302246,0.44391685724258423,0.2731711268424988,1.224735140800476
