,bandit_weighted,bandit_final,all_source,target_train,random_source
0,0.7040266762472187,0.3139931245656132,1.9864641829130434,0.31395186170403805,2.379952462052019
