,bandit,all_source,target_train,random_source
0,0.06915771216154099,0.0766739696264267,0.06134495139122009,0.060874585062265396
