,bandit,all_source,target_train,random_source
0,0.06060570850968361,0.06256807595491409,0.06668407469987869,0.06368327885866165
