,bandit,all_source,target_train,random_source
0,0.06713892287644682,0.08557733690313234,0.07790783962756478,0.10547980672842963
