,bandit,all_source,target_train,random_source
0,0.08853571116924286,0.08734270930290222,0.08511510491371155,0.08777870982885361
