,bandit,all_source,target_train,random_source
0,0.10607851296663284,0.10665826499462128,0.102048359811306,0.11099609732627869
