,bandit,all_source,target_train,random_source
0,0.04672911531220221,0.09162944796766928,0.06540444950521233,0.03472849487461702
