,bandit,all_source,target_train,random_source
0,0.09637781232595444,0.09707657992839813,0.0963229387998581,0.09586263447999954
