,bandit,all_source,target_train,random_source
0,1.0258941830491504,1.350923231442363,0.025085665497855035,1.3495115108510993
