,bandit_weighted,bandit_final,all_source,target_train,random_source
0,1.2369564234492492,0.34905928768097927,1.9318843061108903,0.3375600956024774,1.256609515318336
