,bandit,all_source,target_train,random_source
0,0.5281794317256738,0.5927369728296995,0.028701515891572677,0.5925992849646249
