,bandit_weighted,bandit_final,all_source,target_train,random_source
0,0.2760641239866427,0.11350205242632383,0.4016475506494411,0.11302105373300737,1.5159240941783518
