,bandit_weighted,bandit_final,all_source,target_train,random_source
0,0.3824094143942734,0.37720670482648566,0.5174265750584073,0.37654010264603854,0.3762300753057301
