,bandit,all_source,target_train,random_source
0,0.09366384148597717,0.09111645817756653,0.09087415784597397,0.0908501073718071
