,bandit_weighted,bandit_final,all_source,target_train,random_source
0,0.3799685283859202,0.3568942543349273,0.562867337715932,0.3560113308658337,0.3662737863687847
