,bandit,all_source,target_train,random_source
0,0.030447254153389926,0.07483784260373794,0.011356899094331652,0.13564276090532398
