,bandit_weighted,bandit_final,all_source,target_train,random_source
0,0.21549658477306366,0.16320854425430298,0.4295186400413513,0.11028993129730225,0.15165524184703827
