,bandit,all_source,target_train,random_source
0,0.00753810868278589,0.2018948311687117,0.005171803434509958,0.02303255997359825
