,bandit,all_source,target_train,random_source
0,7.386735407312129,577.3969891187777,6.907241611439708,570.5699618565625
