,bandit,all_source,target_train,random_source
0,27.882652814390045,69.93358628872633,3.3811832959644232,114.45019700851824
