,bandit,all_source,target_train,random_source
0,0.03020290207168626,0.09444451243068383,0.02483455379229441,0.052369000524268496
