,bandit,all_source,target_train,random_source
0,0.10415206849575043,0.10470040142536163,0.12237022072076797,0.10404155403375626
