,bandit,all_source,target_train,random_source
0,0.06295271962881088,0.06394441425800323,0.07227823138237,0.06351689249277115
