,bandit,all_source,target_train,random_source
0,0.10701554268598557,0.13867564499378204,0.09027695655822754,0.09776553511619568
