,bandit_weighted,bandit_final,all_source,target_train,random_source
0,0.49423378705978394,0.4882131516933441,0.5841445922851562,0.5088435411453247,0.508071780204773
