,bandit_weighted,bandit_final,all_source,target_train,random_source
0,0.5208230907717042,0.510107477998873,0.6411787100171471,0.5069408306596244,0.5120341794110805
