,bandit_weighted,bandit_final,all_source,target_train,random_source
0,0.19924750924110413,0.10916352272033691,0.3186352849006653,0.08366526663303375,0.008683775551617146
