,bandit,all_source,target_train,random_source
0,0.04117163216661569,0.09039767636700102,0.021696547383521954,0.1216885432851432
