,bandit,all_source,target_train,random_source
0,0.09905103285940291,0.20592762643980084,0.0040139912711705415,0.15644249179803804
