,bandit,all_source,target_train,random_source
0,0.02818750897598692,0.07483784260373794,0.011356899094331652,0.03683062095038893
