,bandit_weighted,bandit_final,all_source,target_train,random_source
0,0.422768771648407,0.3736766278743744,0.5157230496406555,0.4047343134880066,0.32408446073532104
