,bandit,all_source,target_train,random_source
0,0.062313150614500046,0.09443725645542145,0.05078450217843056,0.11670780181884766
