,bandit,all_source,target_train,random_source
0,0.06803131848573685,0.06872207671403885,0.09793171286582947,0.06901349872350693
