,bandit,all_source,target_train,random_source
0,0.06649208813905716,0.06659150123596191,0.06995750218629837,0.0692511722445488
