,bandit,all_source,target_train,random_source
0,0.08741025626659393,0.1079864576458931,0.08634990453720093,0.0858045294880867
