,bandit,all_source,target_train,random_source
0,0.08636150509119034,0.08535420149564743,0.089874267578125,0.08930322527885437
