,bandit,all_source,target_train,random_source
0,0.2794005692457667,1.9814852721618048,0.010948975727869712,1.9721039791452466
