,bandit_weighted,bandit_final,all_source,target_train,random_source
0,1.09395170211792,0.8586680293083191,1.8422601222991943,0.6805872321128845,0.9786136746406555
