,bandit,all_source,target_train,random_source
0,0.09199567139148712,0.0927702784538269,0.09370985627174377,0.0909796729683876
