,bandit,all_source,target_train,random_source
0,0.11419249325990677,0.11640765517950058,0.09273150563240051,0.13175131380558014
