,bandit_weighted,bandit_final,all_source,target_train,random_source
0,0.9090558886528015,0.9281333684921265,1.4328172206878662,0.7904013395309448,1.7114675045013428
