,bandit,all_source,target_train,random_source
0,0.10639586299657822,0.10817782580852509,0.11342011392116547,0.11198486387729645
