,bandit,all_source,target_train,random_source
0,0.08962724357843399,0.09151908755302429,0.08116032928228378,0.08812607079744339
