,bandit_weighted,bandit_final,all_source,target_train,random_source
0,0.3799218535423279,0.5791504383087158,0.6024938225746155,0.3363431990146637,0.3290417194366455
