,bandit_weighted,bandit_final,all_source,target_train,random_source
0,0.8057515025138855,0.67626953125,0.882397472858429,0.6290073990821838,1.8352845907211304
