,bandit,all_source,target_train,random_source
0,0.021740006288494068,0.11047423722980698,0.007706193095126214,0.011630022520485292
