,bandit,all_source,target_train,random_source
0,0.05524369701743126,0.05498570576310158,0.05544484779238701,0.05472639203071594
