,bandit,all_source,target_train,random_source
0,0.10821492224931717,0.10770823806524277,0.10714967548847198,0.10637879371643066
