,bandit,all_source,target_train,random_source
0,0.08633355235320843,0.06807477815450973,0.07716929040876683,0.10144624542245909
