,bandit_weighted,bandit_final,all_source,target_train,random_source
0,0.3773501515388489,0.23879306018352509,0.45902103185653687,0.1328541338443756,1.2721151113510132
