,bandit_weighted,bandit_final,all_source,target_train,random_source
0,0.1351383438204712,0.09137629582826241,0.39194016396740194,0.0906841757166342,0.7398128551282735
