,bandit_weighted,bandit_final,all_source,target_train,random_source
0,1.2694969941037613,0.443283206546508,1.9162160733097404,0.4377000333322349,1.2158435646427628
