,bandit,all_source,target_train,random_source
0,0.04565953980238675,0.10226122032679812,0.019068264772153665,0.18725537565100558
