,bandit,all_source,target_train,random_source
0,0.09809967875480652,0.09625747054815292,0.09704336524009705,0.11988891661167145
