,bandit,all_source,target_train,random_source
0,0.019338835909579848,0.21103638975959674,0.004702716512900633,0.0708998979435799
