,bandit_weighted,bandit_final,all_source,target_train,random_source
0,0.5065008401870728,0.558968186378479,0.5855965614318848,0.4530763626098633,0.9512906074523926
