,bandit,all_source,target_train,random_source
0,0.06421364098787308,0.06330524384975433,0.07108771055936813,0.068370521068573
