,bandit_weighted,bandit_final,all_source,target_train,random_source
0,0.449251651763916,0.3518204689025879,0.5841572880744934,0.3171871304512024,0.474226713180542
