,bandit,all_source,target_train,random_source
0,0.11046790331602097,0.11204133182764053,0.10675683617591858,0.10946213454008102
