,bandit_weighted,bandit_final,all_source,target_train,random_source
0,0.27425459027290344,0.24072770774364471,0.4439764618873596,0.2634509801864624,0.040878571569919586
