,bandit,all_source,target_train,random_source
0,0.07014407962560654,0.06932157278060913,0.09651351720094681,0.07965996861457825
