,bandit,all_source,target_train,random_source
0,0.051066648215055466,0.05131993442773819,0.05103634297847748,0.056303687393665314
