,bandit,all_source,target_train,random_source
0,0.045958113284084,0.1257272019154725,0.02397438296737947,0.21527067004817999
