,bandit_weighted,bandit_final,all_source,target_train,random_source
0,0.7971976399421692,0.20468512177467346,2.1695125102996826,0.23288723826408386,0.676417350769043
