,bandit_weighted,bandit_final,all_source,target_train,random_source
0,0.4331127660282238,0.43719639655453857,0.6106508497553949,0.4452297444108665,0.4489249139361238
