,bandit,all_source,target_train,random_source
0,0.0613158643245697,0.072341687977314,0.059640515595674515,0.09580306708812714
