,bandit,all_source,target_train,random_source
0,0.08432677388191223,0.08714161068201065,0.09518176317214966,0.08603634685277939
