,bandit,all_source,target_train,random_source
0,0.005927645573184172,0.07618851271269163,0.004939857110335061,0.2069742070118163
