,bandit_weighted,bandit_final,all_source,target_train,random_source
0,0.4478721022605896,0.3017246425151825,0.5532118082046509,0.3478151261806488,2.754319906234741
