,bandit,all_source,target_train,random_source
0,0.12835833430290222,0.1320623904466629,0.08819665014743805,0.11540064215660095
