,bandit_weighted,bandit_final,all_source,target_train,random_source
0,1.3326612710952759,0.3457186818122864,1.9984080791473389,0.29679903388023376,1.6697547435760498
