,bandit_weighted,bandit_final,all_source,target_train,random_source
0,1.2033960819244385,0.680856466293335,1.7424741983413696,0.7817821502685547,0.6610620021820068
