,bandit,all_source,target_train,random_source
0,0.06670807301998138,0.0878826454281807,0.06525804847478867,0.06545739620923996
