,bandit,all_source,target_train,random_source
0,0.11396448314189911,0.117582768201828,0.10261676460504532,0.10258769243955612
