,bandit,all_source,target_train,random_source
0,0.010390575232562238,0.07964170873258683,0.006444535542439606,0.201409130332768
