,bandit,all_source,target_train,random_source
0,0.01193216525066277,0.08342896842163565,0.018072036434996643,0.13737304539788006
