,bandit,all_source,target_train,random_source
0,0.04825743012096055,0.0741636013375008,0.04015328607367753,0.05993401527364282
