,bandit_weighted,bandit_final,all_source,target_train,random_source
0,0.23623464944162356,0.11465508653853913,0.4016475506494411,0.11302105373300737,0.11307143459510324
