,bandit,all_source,target_train,random_source
0,0.09757473319768906,0.11845459043979645,0.09741051495075226,0.09694501757621765
