,bandit,all_source,target_train,random_source
0,0.08280310034751892,0.08392561972141266,0.08284036815166473,0.08350647240877151
