,bandit,all_source,target_train,random_source
0,0.05019000664459725,0.1257272019154725,0.02397438296737947,0.23045890683292547
