,bandit,all_source,target_train,random_source
0,0.07793601100760571,0.15669806675710957,0.03503219512647616,0.11085261554902084
