,bandit_weighted,bandit_final,all_source,target_train,random_source
0,0.28555990966694855,0.25105261407508495,0.5230631956084858,0.25396893138428145,0.25749343270222036
