,bandit,all_source,target_train,random_source
0,0.06433424700986412,0.06300705710139247,0.06534892807214407,0.1059294389972782
