,bandit_weighted,bandit_final,all_source,target_train,random_source
0,0.15778022037902967,0.07657326831461794,0.46332914451997687,0.07652240218271905,0.07636331503521815
