,bandit,all_source,target_train,random_source
0,0.07345617562532425,0.07834741473197937,0.06766364723443985,0.07252836972475052
