,bandit,all_source,target_train,random_source
0,0.09977011382579803,0.09915400296449661,0.09954766184091568,0.09914928674697876
