,bandit,all_source,target_train,random_source
0,0.06874291598796844,0.07009118795394897,0.09499317407608032,0.0723431333899498
