,bandit,all_source,target_train,random_source
0,0.15065734265669256,1.2148802512430532,0.019552278060458773,4.269405258745347
