,bandit_weighted,bandit_final,all_source,target_train,random_source
0,1.3070716801757531,0.26131727869275073,1.9823982780073688,0.25385714941068516,1.476157363340811
