,bandit,all_source,target_train,random_source
0,0.09153382480144501,0.09113100916147232,0.09702184796333313,0.0973491296172142
