,bandit,all_source,target_train,random_source
0,0.09146377444267273,0.09342823177576065,0.08087696880102158,0.07929437607526779
