,bandit,all_source,target_train,random_source
0,0.009998567686714536,0.13901050029797213,0.0038661710867349728,0.12843695848558329
