,bandit,all_source,target_train,random_source
0,0.10499212145805359,0.0971415638923645,0.10577382147312164,0.09875934571027756
