,bandit,all_source,target_train,random_source
0,0.0838216245174408,0.08505947142839432,0.08416247367858887,0.08420200645923615
