,bandit,all_source,target_train,random_source
0,0.005641626106860845,0.12192164567823897,0.005131664546222054,0.018157198028532905
