,bandit,all_source,target_train,random_source
0,0.08562997110395662,0.07612045920820867,0.06994190819343994,0.1014834004717623
