,bandit,all_source,target_train,random_source
0,0.059688630423685794,0.05735046793502163,0.031577323459481055,0.0271165296260722
