,bandit,all_source,target_train,random_source
0,0.054626731737464976,0.08256803810461577,0.044258538364115904,0.05035380049316194
