,bandit,all_source,target_train,random_source
0,0.10085968673229218,0.10050615668296814,0.09987153857946396,0.10007525235414505
