,bandit,all_source,target_train,random_source
0,0.06274779140949249,0.0632341131567955,0.05899673327803612,0.061888888478279114
