,bandit,all_source,target_train,random_source
0,0.08836966753005981,0.0926150381565094,0.0687645971775055,0.08503822982311249
