,bandit_weighted,bandit_final,all_source,target_train,random_source
0,0.4180355966091156,0.4132569432258606,0.5354799032211304,0.4214112162590027,0.41911882162094116
