,bandit,all_source,target_train,random_source
0,0.034191555900097974,0.06947974017748279,0.0270947816832239,0.17340443265513072
