,bandit_weighted,bandit_final,all_source,target_train,random_source
0,0.32731151580810547,0.3292509615421295,0.4301132559776306,0.31543442606925964,1.832458257675171
