,bandit_weighted,bandit_final,all_source,target_train,random_source
0,0.2502565383911133,0.19891329109668732,0.3208822011947632,0.16258327662944794,1.2380156517028809
