,bandit_weighted,bandit_final,all_source,target_train,random_source
0,0.337960521027881,0.3033640530007606,0.48089384889725595,0.29740934681780273,0.301941366764667
