,bandit,all_source,target_train,random_source
0,0.016749709764486125,0.11016231983793952,0.00913129922672334,0.09456397294404054
