,bandit,all_source,target_train,random_source
0,0.05200818694245747,0.10597214683420672,0.007535287022822296,0.02510601963498263
