,bandit,all_source,target_train,random_source
0,0.1166856661438942,0.11903531849384308,0.10263051092624664,0.10284972935914993
