,bandit_weighted,bandit_final,all_source,target_train,random_source
0,1.086812138557434,0.7118951678276062,1.5964081287384033,0.6432892680168152,0.060309700667858124
