,bandit_weighted,bandit_final,all_source,target_train,random_source
0,0.3054986298084259,0.32421875,0.5019456148147583,0.2775457501411438,0.09324628859758377
