,bandit,all_source,target_train,random_source
0,0.0666898712515831,0.0639629140496254,0.07085105776786804,0.11702589690685272
