,bandit,all_source,target_train,random_source
0,0.10684425383806229,0.12088227272033691,0.10264372825622559,0.10700260102748871
