,bandit,all_source,target_train,random_source
0,0.10160383582115173,0.10283619165420532,0.10157806426286697,0.10761617869138718
