,bandit,all_source,target_train,random_source
0,0.1192355751991272,0.1163189485669136,0.1027153953909874,0.1110660657286644
