,bandit,all_source,target_train,random_source
0,0.04123349852667878,0.0636976472694237,0.02343635704195563,0.13024461632026382
