,bandit_weighted,bandit_final,all_source,target_train,random_source
0,0.35009753973185875,0.3123980912752062,0.5616548748439615,0.31235046435976177,0.3125696898034197
