,bandit,all_source,target_train,random_source
0,17.265769767902537,302.37681828131855,14.851539924777903,375.4410166053395
