,bandit,all_source,target_train,random_source
0,20.15396783516179,30.897741270720903,1.6743926988401903,30.864610468567207
