,bandit,all_source,target_train,random_source
0,5.7461574261517745,154.33696628997436,4.314465421130691,259.8175473833734
