,bandit,all_source,target_train,random_source
0,2.197299524948336,29.44846168562165,1.757916779745205,29.301619060004686
