,bandit,all_source,target_train,random_source
0,0.04001700503118934,0.11047423722980698,0.007706193095126214,0.10706799587470246
