,bandit,all_source,target_train,random_source
0,0.043219285091476004,0.08534656274730686,0.013441925011953737,0.11561570144696254
