,bandit_weighted,bandit_final,all_source,target_train,random_source
0,0.4458445608615875,0.2730526924133301,0.5519325733184814,0.31139975786209106,0.229193776845932
