,bandit_weighted,bandit_final,all_source,target_train,random_source
0,0.3758835196495056,0.40707483887672424,0.48075348138809204,0.27847570180892944,0.043447718024253845
