,bandit,all_source,target_train,random_source
0,0.04214042527914671,0.07461425330034956,0.04143758125861951,0.07215324179283326
