,bandit,all_source,target_train,random_source
0,0.04342759493795091,0.07749865005757504,0.03795679024009192,0.049852899696124296
