,bandit,all_source,target_train,random_source
0,0.03159743103483231,0.07932978729680436,0.04370633451575133,0.1582473367999519
