,bandit,all_source,target_train,random_source
0,0.10203733295202255,0.09370364993810654,0.10558778047561646,0.08930812031030655
