,bandit,all_source,target_train,random_source
0,0.08781193941831589,0.0866628959774971,0.09595803916454315,0.08538216352462769
