,bandit,all_source,target_train,random_source
0,0.1632603108882904,0.1596679985523224,0.1503613144159317,0.1512792557477951
