,bandit,all_source,target_train,random_source
0,0.11045043915510178,0.10903917998075485,0.10813140124082565,0.10861791670322418
