,bandit,all_source,target_train,random_source
0,1.0953208764220292,8.134116322564495,0.027569828231354374,8.094028552703618
