,bandit,all_source,target_train,random_source
0,0.06535445703069488,0.07515134674639243,0.06471168015222882,0.1593904594301573
