,bandit_weighted,bandit_final,all_source,target_train,random_source
0,0.44620528929757447,0.4398308427506753,0.5505281370964717,0.4398010752434288,0.8638959119325198
