,bandit,all_source,target_train,random_source
0,0.06912125888458512,0.09167744847050155,0.013369099531359457,0.015490886766173939
