,bandit,all_source,target_train,random_source
0,0.005888414248476111,0.09669681556853693,0.013259352624244774,0.009902031444054191
