,bandit,all_source,target_train,random_source
0,0.10287590324878693,0.10384069383144379,0.09945076704025269,0.09906745702028275
