,bandit,all_source,target_train,random_source
0,0.0757046714425087,0.07573807239532471,0.07596436142921448,0.07576723396778107
