,bandit,all_source,target_train,random_source
0,7.868045630693342,25.02114848404524,2.275634445872542,24.86422900424848
