,bandit,all_source,target_train,random_source
0,0.10649721324443817,0.10459356009960175,0.10685762763023376,0.10228995978832245
