,bandit,all_source,target_train,random_source
0,0.09097783267498016,0.09122315049171448,0.09497618675231934,0.09126203507184982
