,bandit,all_source,target_train,random_source
0,0.10163630545139313,0.09652864187955856,0.10556235909461975,0.09442773461341858
