,bandit_weighted,bandit_final,all_source,target_train,random_source
0,0.38943682433917653,0.30242026740337535,0.5417061804494929,0.3024202567706208,0.30743463908440166
