,bandit,all_source,target_train,random_source
0,0.09248223900794983,0.09453439712524414,0.09490975737571716,0.09315337985754013
