,bandit,all_source,target_train,random_source
0,0.619934167710189,5.076821785599937,0.10870413297390265,5.115452607382175
