,bandit,all_source,target_train,random_source
0,0.2700362565810047,6.772206819265333,0.04104005729816728,6.759023947365956
