,bandit,all_source,target_train,random_source
0,0.1186664029955864,0.11892806738615036,0.12045444548130035,0.12106376886367798
