,bandit,all_source,target_train,random_source
0,0.11917079240083694,0.11563485115766525,0.12302078306674957,0.11347272247076035
