,bandit,all_source,target_train,random_source
0,0.10293210297822952,0.14360535144805908,0.09391622245311737,0.11239966750144958
