,bandit,all_source,target_train,random_source
0,0.03350365996138417,0.08411597708939393,0.007782107608275296,0.012058347424194349
