,bandit,all_source,target_train,random_source
0,0.05055838730520044,0.0741636013375008,0.04015328607367753,0.10648047521854924
