,bandit_weighted,bandit_final,all_source,target_train,random_source
0,0.4496554732322693,0.3846780061721802,0.602310299873352,0.36707794666290283,0.14192888140678406
