,bandit,all_source,target_train,random_source
0,0.1164662092924118,0.11508478224277496,0.11319110542535782,0.11358436942100525
