,bandit,all_source,target_train,random_source
0,0.0898299589753151,0.09015171229839325,0.09205266088247299,0.08940326422452927
