,bandit,all_source,target_train,random_source
0,0.08595909178256989,0.08511330932378769,0.08611325919628143,0.08470631390810013
