,bandit,all_source,target_train,random_source
0,0.09246654808521271,0.0968988835811615,0.10414467751979828,0.09998505562543869
