,bandit,all_source,target_train,random_source
0,0.061453718692064285,0.062164850533008575,0.06805947422981262,0.06319668889045715
