,bandit,all_source,target_train,random_source
0,0.09070617183025259,0.8767083633751505,0.06400567267673532,0.8709047735323132
