,bandit,all_source,target_train,random_source
0,0.3203691258575881,0.1244531177204633,0.014315347502477113,3.375754563617123
