,bandit,all_source,target_train,random_source
0,0.12784627559388126,4.6747394903261625,0.0866546378801332,7.080993617453663
