,bandit,all_source,target_train,random_source
0,0.03650495818896202,0.08590522821948422,0.036916347715876596,0.050775806309972395
