,bandit,all_source,target_train,random_source
0,0.07391657270256305,0.07612045920820867,0.06994190819343994,0.0949141230467788
