,bandit_weighted,bandit_final,all_source,target_train,random_source
0,0.27605854690177345,0.11761128407553241,0.4983598229704368,0.11503583795435653,0.1284961477783133
