,bandit,all_source,target_train,random_source
0,0.0603765487867111,0.07433640648632624,0.06095121620028423,0.09640954497662543
