,bandit,all_source,target_train,random_source
0,0.05317130729361881,0.11047423722980698,0.007706193095126214,0.012333136627663348
