,bandit,all_source,target_train,random_source
0,0.3576419730618704,1.3289872029000411,0.014751887415717025,1.3259502783833237
