,bandit,all_source,target_train,random_source
0,0.03520936357604475,0.07483784260373794,0.011356899094331652,0.1555842713542223
