,bandit,all_source,target_train,random_source
0,0.0664092572379312,0.13048582274900683,0.0182683458429588,0.032468189754902815
