,bandit,all_source,target_train,random_source
0,0.07277826964855194,0.06074012815952301,0.07166212797164917,0.06078159436583519
