,bandit,all_source,target_train,random_source
0,0.06316091865301132,0.06306178867816925,0.0648532584309578,0.06286415457725525
