,bandit,all_source,target_train,random_source
0,0.08899327367544174,0.07779163867235184,0.07225318253040314,0.07329211384057999
