,bandit,all_source,target_train,random_source
0,0.07950258255004883,0.10457131266593933,0.06926760822534561,0.1128607913851738
