,bandit_weighted,bandit_final,all_source,target_train,random_source
0,0.3367352783679962,0.4806201457977295,0.4600295126438141,0.15658093988895416,0.2330048382282257
