,bandit_weighted,bandit_final,all_source,target_train,random_source
0,1.1311116147369533,1.979144732289658,1.7055956776232748,1.9791431670076982,2.3289918650998276
