,bandit_weighted,bandit_final,all_source,target_train,random_source
0,0.5195208787918091,0.44770121574401855,0.6295995712280273,0.49454063177108765,0.6698691248893738
