,bandit,all_source,target_train,random_source
0,0.0840663041685217,0.13653558882594108,0.02512628991929239,0.13441874439471208
