,bandit,all_source,target_train,random_source
0,0.048969242980949776,0.11741158363411175,0.011964875611701734,0.011123911434085797
