,bandit,all_source,target_train,random_source
0,0.03904603375878496,0.11016231983793952,0.00913129922672334,0.16049148862412402
