,bandit,all_source,target_train,random_source
0,0.08279106765985489,0.08375616371631622,0.0830407366156578,0.0831994116306305
