,bandit,all_source,target_train,random_source
0,0.1013185903429985,0.12518459558486938,0.10081544518470764,0.10549542307853699
