,bandit,all_source,target_train,random_source
0,0.09320500116986394,0.09521579980606651,0.09053569745972281,0.09924670543437125
