,bandit_weighted,bandit_final,all_source,target_train,random_source
0,0.36276429891586304,0.398090660572052,0.48683199286460876,0.21498265862464905,1.178197979927063
