,bandit,all_source,target_train,random_source
0,0.10036221146583557,0.09991829097270966,0.10151424258947372,0.10050660371780396
