,bandit,all_source,target_train,random_source
0,0.09429985284805298,0.09717155247926712,0.08648241311311722,0.09241054207086563
