,bandit,all_source,target_train,random_source
0,0.022426495075060532,0.10226122032679812,0.019068264772153665,0.020626795472854766
