,bandit_weighted,bandit_final,all_source,target_train,random_source
0,0.5198423716029048,0.5549254547548402,0.632692102137162,0.5414915056979923,0.5120009964823774
