,bandit,all_source,target_train,random_source
0,0.05977224641447383,0.09786172196148547,0.04747616521818109,0.04766817994868353
