,bandit,all_source,target_train,random_source
0,0.0680699348449707,0.07158596813678741,0.09214837104082108,0.07793895900249481
