,bandit,all_source,target_train,random_source
0,0.03462112781521602,0.09039767636700102,0.021696547383521954,0.097645421484476
