,bandit,all_source,target_train,random_source
0,0.1219732016324997,0.12784706056118011,0.1231856569647789,0.12435990571975708
