,bandit,all_source,target_train,random_source
0,0.04865863872784933,0.08534656274730686,0.013441925011953737,0.035948468732471595
