,bandit_weighted,bandit_final,all_source,target_train,random_source
0,0.4527629017829895,0.3705109655857086,0.5574943423271179,0.32043617963790894,1.1089437007904053
