,bandit,all_source,target_train,random_source
0,0.04253938127045773,0.08411597708939393,0.007782107608275296,0.11168010702310167
