,bandit,all_source,target_train,random_source
0,0.05874791438104521,0.10597214683420672,0.007535287022822296,0.04732698275984302
