,bandit,all_source,target_train,random_source
0,0.10232365876436234,0.1005977913737297,0.10270164161920547,0.10081882774829865
