,bandit_weighted,bandit_final,all_source,target_train,random_source
0,0.359607070684433,0.34577906131744385,0.5304286479949951,0.3977700173854828,1.05691397190094
