,bandit_weighted,bandit_final,all_source,target_train,random_source
0,1.2150741815567017,0.8657719492912292,1.7182846069335938,0.7524445056915283,1.4525940418243408
