,bandit,all_source,target_train,random_source
0,0.035976601986160296,0.13048582274900683,0.0182683458429588,0.012799323758064696
