,bandit,all_source,target_train,random_source
0,0.10188575834035873,0.1033332571387291,0.10736938565969467,0.11978323757648468
