,bandit,all_source,target_train,random_source
0,0.09242705255746841,0.0967949852347374,0.10424409806728363,0.09639020264148712
