,bandit,all_source,target_train,random_source
0,0.10434502363204956,0.10364395380020142,0.11023318022489548,0.10523238778114319
