,bandit,all_source,target_train,random_source
0,0.06454562450458276,0.07110489220276353,0.06433851027736094,0.06380588361932395
