,bandit,all_source,target_train,random_source
0,0.09111008048057556,0.09127167612314224,0.096763476729393,0.09149274230003357
