,bandit,all_source,target_train,random_source
0,0.0769248679280281,0.07795415073633194,0.07919000834226608,0.07687438279390335
