,bandit,all_source,target_train,random_source
0,0.08103153109550476,0.07828919589519501,0.07974307239055634,0.09844360500574112
