,bandit,all_source,target_train,random_source
0,0.044512824731653376,0.07969356058711366,0.03592021195198748,0.05402066535567239
