,bandit_weighted,bandit_final,all_source,target_train,random_source
0,1.1469030131012572,0.5877821104675311,1.7458834650977895,0.5697881244249003,2.137151648634571
