,bandit_weighted,bandit_final,all_source,target_train,random_source
0,0.2726513671096838,0.1058529380026986,0.47230266979690416,0.10555105591400613,0.13800776813552712
