,bandit,all_source,target_train,random_source
0,0.08297822624444962,0.09741905331611633,0.0684281662106514,0.10416421294212341
