,bandit_weighted,bandit_final,all_source,target_train,random_source
0,1.0801014677311325,0.5982762206843645,1.7934761687712046,0.5957111008372384,0.6078031431768437
