,bandit_weighted,bandit_final,all_source,target_train,random_source
0,0.2169518768787384,0.24218425154685974,0.4268065094947815,0.26341038942337036,1.0240609645843506
