,bandit,all_source,target_train,random_source
0,0.07373466193843595,0.09444451243068384,0.024834553792294427,0.08827360261140156
