,bandit,all_source,target_train,random_source
0,0.03808782070440177,0.08411597708939393,0.007782107608275296,0.007953509498808452
