,bandit,all_source,target_train,random_source
0,0.07326385378837585,0.0767357125878334,0.06695103645324707,0.08163933455944061
