,bandit,all_source,target_train,random_source
0,1.2387592353170152,1.8894701946292207,0.0743103071211881,1.8867918230517617
