,bandit,all_source,target_train,random_source
0,0.05989207815757984,0.1217659128455955,0.049765254680629374,0.05994332047817412
