,bandit_weighted,bandit_final,all_source,target_train,random_source
0,1.0954348039772082,0.8341414267169724,1.5615603305673844,0.8868258572263177,0.9627951916865805
