,bandit,all_source,target_train,random_source
0,0.08096691220998764,0.08052203804254532,0.08232095092535019,0.08159122616052628
