,bandit,all_source,target_train,random_source
0,0.0477571114897728,0.04896220192313194,0.06484559178352356,0.06520523875951767
