,bandit,all_source,target_train,random_source
0,0.04807642709925351,0.0741636013375008,0.04015328607367753,0.07887069754573328
