,bandit,all_source,target_train,random_source
0,0.08433564007282257,0.08492091298103333,0.09444665908813477,0.08479887247085571
