,bandit,all_source,target_train,random_source
0,0.04922268499441282,0.11016231983793952,0.00913129922672334,0.05046889685237419
