,bandit_weighted,bandit_final,all_source,target_train,random_source
0,0.27783510088920593,0.16574876010417938,0.4564410150051117,0.2554160952568054,0.17519511282444
