,bandit,all_source,target_train,random_source
0,0.05782816166571577,0.08557733690313234,0.07790783962756477,0.10917085404026776
