,bandit,all_source,target_train,random_source
0,0.07145211100578308,0.06337878853082657,0.06578338891267776,0.07016255706548691
