,bandit_weighted,bandit_final,all_source,target_train,random_source
0,1.350438117980957,1.2136270999908447,1.3853574991226196,1.511299729347229,1.9371522665023804
