,bandit,all_source,target_train,random_source
0,0.041379939541316135,0.08342896842163564,0.018072036434996643,0.014042164170777393
