,bandit,all_source,target_train,random_source
0,0.10223249346017838,0.10374986380338669,0.1100233718752861,0.121822789311409
