,bandit,all_source,target_train,random_source
0,0.09515135735273361,0.09469472616910934,0.10503099113702774,0.0984649658203125
