,bandit,all_source,target_train,random_source
0,0.09574565291404724,0.09689664840698242,0.09620609134435654,0.09521568566560745
