,bandit,all_source,target_train,random_source
0,0.04450167343020439,0.04565897583961487,0.044788990169763565,0.05933583155274391
