,bandit,all_source,target_train,random_source
0,0.10971912741661072,0.11262789368629456,0.07491281628608704,0.08438660949468613
