,bandit,all_source,target_train,random_source
0,0.05564792454242706,0.05486282333731651,0.05473504588007927,0.0547320693731308
