,bandit,all_source,target_train,random_source
0,0.08964130113558237,0.20258999646853884,0.015724372319367116,0.20158285957384434
