,bandit,all_source,target_train,random_source
0,0.06800370663404465,0.07134625315666199,0.09275088459253311,0.07315004616975784
