,bandit,all_source,target_train,random_source
0,0.12008588556140129,2.4119737738505345,0.08984223550997042,6.122513385994443
