,bandit,all_source,target_train,random_source
0,0.13063826152769983,0.79726407911007,0.09065142116335112,0.795333428465294
