,bandit,all_source,target_train,random_source
0,0.09374523907899857,0.11866677552461624,0.07555161416530609,0.09035556763410568
