,bandit_weighted,bandit_final,all_source,target_train,random_source
0,0.9760378003120422,0.6353750824928284,1.8031785488128662,0.594201385974884,2.225541591644287
