,bandit,all_source,target_train,random_source
0,0.10312233120203018,0.10210765898227692,0.1016145795583725,0.10115450620651245
