,bandit,all_source,target_train,random_source
0,0.04651454494981212,0.10597214683420672,0.007535287022822296,0.12855427297888555
