,bandit,all_source,target_train,random_source
0,0.004913637097908241,0.053587697742964305,0.003750774000112155,0.23676823387617713
