,bandit_weighted,bandit_final,all_source,target_train,random_source
0,0.1645362110535901,0.06937119424627713,0.38521922898326927,0.06929440148883587,0.0693549060221086
