,bandit_weighted,bandit_final,all_source,target_train,random_source
0,1.0539003506579925,0.8085177793336665,1.7230753226107183,0.788686346336358,0.7887551301767327
