,bandit,all_source,target_train,random_source
0,0.10532233119010925,0.10445207357406616,0.12338215112686157,0.10671928524971008
