,bandit,all_source,target_train,random_source
0,0.10172054171562195,0.09659123420715332,0.10739029943943024,0.09818744659423828
