,bandit,all_source,target_train,random_source
0,0.10224370658397675,0.10050702095031738,0.10314348340034485,0.10763430595397949
