,bandit_weighted,bandit_final,all_source,target_train,random_source
0,0.3729870915412903,0.2486138790845871,0.4898936152458191,0.24577713012695312,1.9624779224395752
