,bandit_weighted,bandit_final,all_source,target_train,random_source
0,0.8698923226880504,0.33757130914068456,1.9318843061108903,0.3375600956024774,0.37194013537109094
