,bandit,all_source,target_train,random_source
0,108.93774799078575,836.4746091155225,3.723616928193723,832.22231094298
