,bandit_weighted,bandit_final,all_source,target_train,random_source
0,0.1839929469941592,0.12867901217571687,0.5039002559553192,0.1246911865826446,0.12460650710299745
