,bandit,all_source,target_train,random_source
0,0.030351249984354827,0.09939914103824772,0.05440198903627476,0.07643770730042714
