,bandit,all_source,target_train,random_source
0,0.08596659451723099,0.0892617478966713,0.09963598847389221,0.09479479491710663
