,bandit,all_source,target_train,random_source
0,0.12305693328380585,0.12486825883388519,0.12299082428216934,0.12150829285383224
