,bandit,all_source,target_train,random_source
0,0.11734442412853241,0.1175549253821373,0.12352772057056427,0.11777013540267944
