,bandit,all_source,target_train,random_source
0,0.060901202261447906,0.06324935704469681,0.07050567865371704,0.06442442536354065
