,bandit,all_source,target_train,random_source
0,0.1587807431065026,0.16016575347982234,0.05355317296720925,1.137336117697199
