,bandit,all_source,target_train,random_source
0,0.07891464323216262,0.0761903395313353,0.01436860789993583,0.07596263575882155
