,bandit_weighted,bandit_final,all_source,target_train,random_source
0,0.3994110418087419,0.37046869775676644,0.562867337715932,0.3560113308658337,0.36459140164103604
