,bandit,all_source,target_train,random_source
0,0.03289413645472604,0.10074939834669991,0.0521376019611816,0.11996305506010581
