,bandit_weighted,bandit_final,all_source,target_train,random_source
0,0.21991872787475586,0.22200560569763184,0.4204885959625244,0.23238079249858856,1.1990656852722168
