,bandit,all_source,target_train,random_source
0,0.03035557994668992,0.1111547763197895,0.006418396589770055,0.17151055021712142
