,bandit_weighted,bandit_final,all_source,target_train,random_source
0,0.26069098711013794,0.1546115130186081,0.4587193429470062,0.250132292509079,0.07391796261072159
