,bandit,all_source,target_train,random_source
0,0.10146228969097137,0.09968564659357071,0.10089267790317535,0.13113710284233093
