,bandit,all_source,target_train,random_source
0,0.047172713807773256,0.12192164567823897,0.005131664546222054,0.12753100099680734
