,bandit_weighted,bandit_final,all_source,target_train,random_source
0,0.8131740791315771,0.8695111314818282,0.8185388994984599,0.8688082320494516,0.905668355845284
