,bandit,all_source,target_train,random_source
0,0.03655210953941924,0.08411597708939393,0.007782107608275296,0.011058626737071755
