,bandit,all_source,target_train,random_source
0,0.024543480367208888,0.09669681556853693,0.013259352624244769,0.15617384362826583
