,bandit_weighted,bandit_final,all_source,target_train,random_source
0,0.14325169119318087,0.09559888008928086,0.46926462064929153,0.09385949659224575,0.09733250449708607
