,bandit,all_source,target_train,random_source
0,0.1033112108707428,0.09998489171266556,0.09988672286272049,0.1002274677157402
