,bandit,all_source,target_train,random_source
0,0.06571652740240097,0.06304687261581421,0.0639764592051506,0.06349924951791763
