,bandit_weighted,bandit_final,all_source,target_train,random_source
0,0.8263324710958532,0.890644092440046,0.8254394607321427,0.8198187909459362,1.5129683633861364
