,bandit,all_source,target_train,random_source
0,0.041814778312533094,0.13023550662614627,0.016670584888492473,0.12953962647397663
