,bandit,all_source,target_train,random_source
0,0.08964134007692337,0.09025673568248749,0.09959487617015839,0.08942869305610657
