,bandit,all_source,target_train,random_source
0,0.088897205889225,0.08856626600027084,0.09190221130847931,0.08889299631118774
