,bandit,all_source,target_train,random_source
0,0.07005003839731216,0.08114300668239594,0.07093679159879684,0.086726114153862
