,bandit,all_source,target_train,random_source
0,0.06238584592938423,0.06357326358556747,0.06591968983411789,0.08542247116565704
