,bandit,all_source,target_train,random_source
0,0.06474797427654266,0.06217460334300995,0.06714055687189102,0.06935498863458633
