,bandit_weighted,bandit_final,all_source,target_train,random_source
0,0.3558949828147888,0.3775022327899933,0.5249875783920288,0.4030688405036926,2.3060050010681152
