,bandit,all_source,target_train,random_source
0,0.037611230999558466,0.1524725967495137,0.04053605758046279,0.18554056127377053
