,bandit,all_source,target_train,random_source
0,0.05319773481457217,0.09167744847050155,0.013369099531359457,0.05339583089951004
