,bandit,all_source,target_train,random_source
0,3.438872586055477,167.19887153171837,2.092749352813008,269.8870342048598
