,bandit_weighted,bandit_final,all_source,target_train,random_source
0,0.8007611036300659,0.2683347165584564,2.0009193420410156,0.3065795302391052,0.2785179316997528
