,bandit_weighted,bandit_final,all_source,target_train,random_source
0,0.3090517222881317,0.2130713164806366,0.4778600335121155,0.3356402516365051,0.8220850229263306
