,bandit_weighted,bandit_final,all_source,target_train,random_source
0,0.44178012487754864,0.43644886097059005,0.5452813989822125,0.4364380145604037,0.4344656246356819
