,bandit_weighted,bandit_final,all_source,target_train,random_source
0,0.37413950984512556,0.3794265260426707,0.5712677155370748,0.3749235334081673,0.38933267788637443
