,bandit,all_source,target_train,random_source
0,0.10658323019742966,0.13817764818668365,0.08870774507522583,0.10758452117443085
