,bandit_weighted,bandit_final,all_source,target_train,random_source
0,0.14438849687576294,0.2827322483062744,0.37511304020881653,0.1739499568939209,0.8792200088500977
