,bandit,all_source,target_train,random_source
0,0.10237270593643188,0.09967389702796936,0.10321862250566483,0.099415123462677
