,bandit,all_source,target_train,random_source
0,0.11152822524309158,0.11014198511838913,0.10906980186700821,0.10462205111980438
