,bandit_weighted,bandit_final,all_source,target_train,random_source
0,0.2951328456401825,0.21230199933052063,0.45193663239479065,0.16210883855819702,0.1037367433309555
