,bandit,all_source,target_train,random_source
0,0.10489892214536667,0.11354433745145798,0.10579263418912888,0.10594357550144196
