,bandit,all_source,target_train,random_source
0,0.09068930894136429,0.075157530605793,0.07706359773874283,0.07628709077835083
