,bandit,all_source,target_train,random_source
0,0.05355498477978924,0.07997284552654607,0.05799387061120996,0.141658823379391
