,bandit_weighted,bandit_final,all_source,target_train,random_source
0,0.8773202896118164,0.6780911684036255,1.7552871704101562,0.6607705354690552,2.3206281661987305
