,bandit,all_source,target_train,random_source
0,0.06491502263559769,0.09444451243068383,0.02483455379229441,0.046899745996023416
