,bandit,all_source,target_train,random_source
0,0.053678278219516526,0.07997284552654607,0.05799387061120996,0.04844902080078019
