,bandit,all_source,target_train,random_source
0,0.11288885027170181,0.11204556375741959,0.10350022464990616,0.10250254720449448
