,bandit,all_source,target_train,random_source
0,0.0866805836558342,0.08724165707826614,0.08489019423723221,0.08737070858478546
