,bandit,all_source,target_train,random_source
0,0.04122656276984981,0.0718634797598903,0.029701964503383933,0.7459797842038289
