,bandit_weighted,bandit_final,all_source,target_train,random_source
0,0.9074649810791016,0.36506161093711853,2.08142352104187,0.3764584958553314,2.5981624126434326
