,bandit_weighted,bandit_final,all_source,target_train,random_source
0,0.531135618686676,0.5596789121627808,0.6414014101028442,0.40573328733444214,0.613017201423645
