,bandit,all_source,target_train,random_source
0,0.05472738668322563,0.05481141433119774,0.05473930761218071,0.0551484115421772
