,bandit,all_source,target_train,random_source
0,0.06327489529018823,0.07631129260510776,0.058439746172527264,0.13072921044936575
