,bandit,all_source,target_train,random_source
0,0.10767030715942383,0.10721822828054428,0.10761488229036331,0.10916570574045181
