,bandit,all_source,target_train,random_source
0,0.09342051297426224,0.10553994029760361,0.09025027602910995,0.09755471348762512
