,bandit_weighted,bandit_final,all_source,target_train,random_source
0,0.16531718266476142,0.13283551716758502,0.5038223596120929,0.12984690235761112,1.7322704753733862
