,bandit_weighted,bandit_final,all_source,target_train,random_source
0,1.596133693191027,0.3098512991412315,1.999964449647269,0.30563414256035315,1.5199647060223647
