,bandit_weighted,bandit_final,all_source,target_train,random_source
0,0.5598154067993164,0.5464972853660583,0.6214710474014282,0.5594317317008972,0.6453016996383667
