,bandit,all_source,target_train,random_source
0,0.12738770246505737,0.12283805757761002,0.1230183020234108,0.1234513446688652
