,bandit,all_source,target_train,random_source
0,0.13627074658870697,0.1371086984872818,0.13614362478256226,0.13547483086585999
