,bandit,all_source,target_train,random_source
0,0.07103327875414592,0.07612045920820869,0.06994190819343996,0.11724280576199064
