,bandit,all_source,target_train,random_source
0,0.10327976197004318,0.09670685976743698,0.106007881462574,0.09615296125411987
