,bandit,all_source,target_train,random_source
0,0.11157341301441193,0.10945555567741394,0.11488798260688782,0.11111476272344589
