,bandit,all_source,target_train,random_source
0,0.05732625589473454,0.09010723408833851,0.01806365970001764,0.03261121298704024
