,bandit,all_source,target_train,random_source
0,0.057481878862049536,1.330672204068574,0.04001578614348752,3.5517201831906027
