,bandit,all_source,target_train,random_source
0,0.06279316544532776,0.06360006332397461,0.07191073149442673,0.07478641718626022
