,bandit_weighted,bandit_final,all_source,target_train,random_source
0,0.24784932547408273,0.09345355029433526,0.3941869570110307,0.09286731092865463,0.0957290906777478
