,bandit,all_source,target_train,random_source
0,0.04844791066794457,0.11016231983793952,0.00913129922672334,0.13124227017352233
