,bandit,all_source,target_train,random_source
0,0.059645759604717796,0.07631129260510774,0.05843974617252727,0.13749113658922457
