,bandit,all_source,target_train,random_source
0,0.051777189249269585,0.09444451243068384,0.024834553792294427,0.11853861015591241
