,bandit,all_source,target_train,random_source
0,0.08324708044528961,0.08370961993932724,0.08317239582538605,0.08447983860969543
