,bandit,all_source,target_train,random_source
0,0.12627078592777252,0.11810675263404846,0.11325672268867493,0.11671804636716843
