,bandit,all_source,target_train,random_source
0,0.07384903213900809,0.07110489220276353,0.06433851027736094,0.11891206284008612
