,bandit,all_source,target_train,random_source
0,0.05276619734809969,0.10597214683420672,0.007535287022822296,0.12219683064568014
