,bandit_weighted,bandit_final,all_source,target_train,random_source
0,0.2770322263240814,0.18962137401103973,0.416149765253067,0.14656424522399902,0.10049878060817719
