,bandit_weighted,bandit_final,all_source,target_train,random_source
0,1.3915884742671902,0.5704624978241125,1.7458834650977895,0.5697881244249003,2.293551206734486
