,bandit_weighted,bandit_final,all_source,target_train,random_source
0,0.2581933005718167,0.21237738639037648,0.44030611595296854,0.2109959792035207,0.21396352196114865
