,bandit_weighted,bandit_final,all_source,target_train,random_source
0,1.0840658732908957,0.1750771069585027,2.026843614782501,0.17009521086919221,2.4468017469365444
