,bandit,all_source,target_train,random_source
0,0.06381822729480739,0.4801153137251354,0.014405561742280637,2.1086890628472488
