,bandit,all_source,target_train,random_source
0,0.2121810382102747,8.134116322564495,0.027569828231354374,8.094028552703618
