,bandit,all_source,target_train,random_source
0,0.033645802364087825,0.09039767636700102,0.021696547383521954,0.01932267153319761
