,bandit,all_source,target_train,random_source
0,0.06273005157709122,0.06264042854309082,0.06582678109407425,0.06254872679710388
