,bandit,all_source,target_train,random_source
0,0.07408134639263153,0.08065541088581085,0.07119301706552505,0.07333590090274811
