,bandit_weighted,bandit_final,all_source,target_train,random_source
0,1.1264877096360064,0.31440863364316296,1.9864641829130434,0.31395186170403805,2.3077517239149405
