,bandit_weighted,bandit_final,all_source,target_train,random_source
0,1.196274995803833,0.5052962303161621,2.0832302570343018,0.2743850350379944,1.961660623550415
