,bandit,all_source,target_train,random_source
0,0.06906039480002876,3.382150996813315,0.051880139446262005,3.3417436049854183
