,bandit,all_source,target_train,random_source
0,0.1540246238442841,0.8123089288488877,0.027254338716932065,1.6157593052406711
