,bandit_weighted,bandit_final,all_source,target_train,random_source
0,1.2884086497349088,0.6719311854798383,1.7303280259316085,0.6704476661780546,1.520726714002691
