,bandit_weighted,bandit_final,all_source,target_train,random_source
0,0.4959806799888611,0.36744606494903564,0.5785072445869446,0.3054831624031067,5.137652397155762
