,bandit_weighted,bandit_final,all_source,target_train,random_source
0,0.5854903956151449,0.5892380895477999,0.6293438805012153,0.588943909386449,1.429577518748931
