,bandit_weighted,bandit_final,all_source,target_train,random_source
0,0.3715822549975973,0.30948848620390074,0.5417061804494929,0.3024202567706208,0.3062470938802136
