,bandit,all_source,target_train,random_source
0,0.09788960218429565,0.09715092927217484,0.0872855857014656,0.09339603781700134
