,bandit,all_source,target_train,random_source
0,0.09329646825790405,0.09345892071723938,0.09496454894542694,0.09543714672327042
