,bandit_weighted,bandit_final,all_source,target_train,random_source
0,0.23706869949866852,0.22745747065976576,0.5126651028071539,0.22425482655410262,0.2259015156551673
