,bandit,all_source,target_train,random_source
0,0.049890491443723387,0.07997284552654607,0.057993870611209974,0.06354595912438679
