,bandit,all_source,target_train,random_source
0,0.0570836649908947,0.08557733690313234,0.07790783962756477,0.10547980672842963
