,bandit,all_source,target_train,random_source
0,0.04240118115702466,0.15669806675710957,0.03503219512647616,0.0786524721753781
