,bandit,all_source,target_train,random_source
0,0.06821087002754211,0.06887293606996536,0.09539838135242462,0.06841318309307098
