,bandit,all_source,target_train,random_source
0,0.10313858091831207,0.10404140502214432,0.10756690800189972,0.10479623079299927
