,bandit,all_source,target_train,random_source
0,9.921282034588229,75.26926881560966,0.3175560491170744,211.87441371053757
