,bandit,all_source,target_train,random_source
0,20.48834774570288,174.7617901111913,4.500774436799831,173.76117319419978
