,bandit_weighted,bandit_final,all_source,target_train,random_source
0,0.5859820745911685,0.6085306728436022,0.6651084435244484,0.607225977848381,0.6388693829736113
