,bandit,all_source,target_train,random_source
0,0.11255291104316711,0.10837661474943161,0.11752539873123169,0.10236849635839462
