,bandit,all_source,target_train,random_source
0,0.07218977808952332,0.0831015557050705,0.06889601796865463,0.07226672768592834
