,bandit,all_source,target_train,random_source
0,0.1034369170665741,0.10261450707912445,0.10970751941204071,0.10120747238397598
