,bandit,all_source,target_train,random_source
0,0.06871283337451511,0.11741158363411175,0.011964875611701734,0.04604609129298945
