,bandit,all_source,target_train,random_source
0,0.06650012869199881,0.1217659128455955,0.049765254680629374,0.10000019262745026
