,bandit,all_source,target_train,random_source
0,0.010452218904650671,0.07483784260373794,0.011356899094331652,0.1555842713542223
