,bandit_weighted,bandit_final,all_source,target_train,random_source
0,0.13164353980347618,0.12828442027107814,0.4008843380575218,0.10856693950198992,1.600488055560988
