,bandit,all_source,target_train,random_source
0,0.05744033720800865,0.08836656457864814,0.044430126157648034,0.05792069360449899
