,bandit,all_source,target_train,random_source
0,0.05035358358016835,0.1363514819625466,0.02326900284901298,0.8726353356314839
