,bandit,all_source,target_train,random_source
0,0.06076889782392404,0.2321012991601496,0.04567888321644003,0.229880250499428
