,bandit,all_source,target_train,random_source
0,0.0746279630779103,0.07612045920820867,0.06994190819343994,0.12071292309636239
