,bandit_weighted,bandit_final,all_source,target_train,random_source
0,1.1445783621414434,0.7256013664407166,1.7225909243927382,0.7255936146335544,2.1961354486403897
