,bandit,all_source,target_train,random_source
0,0.08622308820486069,0.0872662141919136,0.08491316437721252,0.08546283841133118
