,bandit,all_source,target_train,random_source
0,0.11185792088508606,0.11922338604927063,0.10594024509191513,0.129447340965271
