,bandit,all_source,target_train,random_source
0,0.005406649969439743,0.10035975596811304,0.008567279477514764,0.0077348661269990735
