,bandit,all_source,target_train,random_source
0,0.06067849323153496,0.06330550462007523,0.06503874808549881,0.06693723052740097
