,bandit,all_source,target_train,random_source
0,0.0652076341687181,0.11741158363411175,0.011964875611701734,0.023284615105084245
