,bandit,all_source,target_train,random_source
0,0.05514921993017197,0.05482828989624977,0.054756902158260345,0.055812522768974304
