,bandit,all_source,target_train,random_source
0,0.10489550232887268,0.10020589828491211,0.10139767825603485,0.10868898034095764
