,bandit,all_source,target_train,random_source
0,0.060656107802010605,0.06300705710139247,0.06534892807214407,0.08664650700475293
