,bandit_weighted,bandit_final,all_source,target_train,random_source
0,0.7387698888778687,0.20616300404071808,2.195784330368042,0.30180150270462036,0.23409537971019745
