,bandit_weighted,bandit_final,all_source,target_train,random_source
0,0.5528301536219908,0.533951131584119,0.6514060807349695,0.5324146974680259,0.5951772211701991
