,bandit_weighted,bandit_final,all_source,target_train,random_source
0,0.7896505533095,0.7139887243352553,1.7225909243927382,0.7255936146335544,2.1961354486403897
