,bandit,all_source,target_train,random_source
0,0.12194398045539856,0.1269863247871399,0.12445008009672165,0.12241366505622864
