,bandit_weighted,bandit_final,all_source,target_train,random_source
0,0.18841787259435072,0.07046435595609504,0.38521922898326927,0.06929440148883587,0.07942962740166296
