,bandit_weighted,bandit_final,all_source,target_train,random_source
0,1.4579336643218994,0.32265371084213257,2.0948097705841064,0.24301953613758087,1.6500165462493896
