,bandit,all_source,target_train,random_source
0,0.08171592461915793,0.09521579980606651,0.09053569745972281,0.09936820151044912
