,bandit_weighted,bandit_final,all_source,target_train,random_source
0,0.42483749985694885,0.43136245012283325,0.5415933728218079,0.49603909254074097,2.5993683338165283
