,bandit_weighted,bandit_final,all_source,target_train,random_source
0,1.0055429935455322,0.5923923254013062,1.6175702810287476,1.7780427932739258,0.949273407459259
