,bandit_weighted,bandit_final,all_source,target_train,random_source
0,0.5017514824867249,0.4766176640987396,0.6074509620666504,0.4586980938911438,1.0948785543441772
