,bandit,all_source,target_train,random_source
0,0.11630164831876755,0.11869705468416214,0.10279995203018188,0.10887265205383301
