,bandit,all_source,target_train,random_source
0,0.06323331972607855,0.11016231983793952,0.00913129922672334,0.010267650655687398
