,bandit_weighted,bandit_final,all_source,target_train,random_source
0,1.4098499487543177,0.8499203481046779,1.6689311338273538,0.8294889516090116,1.5207983530160887
