,bandit,all_source,target_train,random_source
0,0.06881094723939896,0.07009796053171158,0.09517515450716019,0.07347707450389862
