,bandit,all_source,target_train,random_source
0,0.10111245512962341,0.11127717047929764,0.11433158069849014,0.10959716141223907
