,bandit,all_source,target_train,random_source
0,0.07951480150222778,0.07867375761270523,0.0680946335196495,0.07423654198646545
