,bandit,all_source,target_train,random_source
0,0.10399287194013596,0.10420475900173187,0.12415046989917755,0.10442718863487244
