,bandit,all_source,target_train,random_source
0,0.09231379628181458,0.09224166721105576,0.09254591912031174,0.09222827851772308
