,bandit,all_source,target_train,random_source
0,4.467439751312214,159.43257550426245,2.897170933639684,359.1963822615516
