,bandit,all_source,target_train,random_source
0,2.1500092269624735,25.60569915551021,0.14517567293610867,25.480070581968842
