,bandit,all_source,target_train,random_source
0,0.11374029517173767,0.10763777792453766,0.1143551617860794,0.10736268758773804
