,bandit,all_source,target_train,random_source
0,0.10096558928489685,0.10065178573131561,0.10163844376802444,0.10050229728221893
