,bandit,all_source,target_train,random_source
0,0.08517926931381226,0.08484312146902084,0.08922035992145538,0.08471794426441193
