,bandit,all_source,target_train,random_source
0,0.04342273489328964,0.08342896842163564,0.018072036434996643,0.01221515155653003
