,bandit,all_source,target_train,random_source
0,0.11909528821706772,0.1111062541604042,0.07403227686882019,0.13616938889026642
