,bandit_weighted,bandit_final,all_source,target_train,random_source
0,0.14165767800361645,0.056573548637735796,0.37855879412775517,0.05609546189310331,0.056611683342720175
