,bandit,all_source,target_train,random_source
0,0.06011412881902232,0.08557733690313234,0.07790783962756477,0.08150426109318501
