,bandit_weighted,bandit_final,all_source,target_train,random_source
0,0.4250406324863434,0.37776440382003784,0.48388758301734924,0.4717894494533539,1.0814920663833618
