,bandit_weighted,bandit_final,all_source,target_train,random_source
0,0.8127623521577059,0.8777287054322628,0.8185388994984599,0.8688082320494516,0.9463283507806824
