,bandit,all_source,target_train,random_source
0,0.04470123102606499,0.1257272019154725,0.02397438296737947,0.027186340532916842
