,bandit,all_source,target_train,random_source
0,1.8980109893493722,120.72140421986892,1.6344313335844585,302.2336760570089
