,bandit_weighted,bandit_final,all_source,target_train,random_source
0,0.2683379905169265,0.1001719410973563,0.46926462064929153,0.09385949659224575,0.09543732944898861
