,bandit_weighted,bandit_final,all_source,target_train,random_source
0,0.5751874168334573,0.6091859783878163,0.6293438805012153,0.588943909386449,0.6249752649725103
