,bandit_weighted,bandit_final,all_source,target_train,random_source
0,0.3001248240470886,0.12735140323638916,0.4357193410396576,0.22443707287311554,1.3479442596435547
