,bandit_weighted,bandit_final,all_source,target_train,random_source
0,1.3377807140350342,0.5010159611701965,1.7919902801513672,0.5524197816848755,1.8336808681488037
