,bandit,all_source,target_train,random_source
0,0.05441005609920806,0.09162944796766928,0.06540444950521233,0.02697647027071745
