,bandit_weighted,bandit_final,all_source,target_train,random_source
0,1.0074068024065403,0.9960787958963337,1.5172940300471294,0.9390441703981747,1.8952829813781142
