,bandit,all_source,target_train,random_source
0,0.07938111573457718,0.07971011102199554,0.09035824984312057,0.08773237466812134
