,bandit,all_source,target_train,random_source
0,0.11890879273414612,0.11866317689418793,0.12257612496614456,0.1276041865348816
