,bandit_weighted,bandit_final,all_source,target_train,random_source
0,0.20510227978229523,0.187551349401474,0.30602988600730896,0.16887693107128143,0.7493507266044617
