,bandit,all_source,target_train,random_source
0,0.08376272022724152,0.0840960219502449,0.09344043582677841,0.11291346698999405
