,bandit_weighted,bandit_final,all_source,target_train,random_source
0,1.3786823230324274,0.8527020321817271,1.782576710714272,0.8545078342441167,0.7383605483373573
