,bandit_weighted,bandit_final,all_source,target_train,random_source
0,0.32546335020006045,0.29758845980621496,0.48089384889725595,0.29740934681780273,0.3033607809024901
