,bandit,all_source,target_train,random_source
0,0.12774519622325897,0.12603306770324707,0.12228775024414062,0.12433300167322159
