,bandit,all_source,target_train,random_source
0,0.09005813300609589,0.08888646215200424,0.10004366189241409,0.08304128050804138
