,bandit,all_source,target_train,random_source
0,0.12629033625125885,0.12295523285865784,0.12328421324491501,0.12347105145454407
