,bandit,all_source,target_train,random_source
0,0.1363179087638855,0.1427326798439026,0.13555245101451874,0.14640448987483978
