,bandit_weighted,bandit_final,all_source,target_train,random_source
0,1.1518222234192408,0.2550880561473944,1.9747427464682992,0.2549330686207433,2.188828402425556
