,bandit,all_source,target_train,random_source
0,0.04915121607980526,0.09039767636700102,0.021696547383521954,0.014541294844670257
