,bandit,all_source,target_train,random_source
0,0.04520199937839736,0.050904350678192434,0.0973387179142638,0.09219647350179119
