,bandit_weighted,bandit_final,all_source,target_train,random_source
0,0.8672322569379375,0.8463441599314182,0.8447290620016876,0.8459278142146301,0.848891287849731
