,bandit_weighted,bandit_final,all_source,target_train,random_source
0,1.0707658529281616,0.6733127236366272,1.6728063821792603,0.5405991077423096,1.1360881328582764
