,bandit,all_source,target_train,random_source
0,0.16315387189388275,0.1588985025882721,0.15046362578868866,0.1637158989906311
