,bandit,all_source,target_train,random_source
0,0.11180634796619415,0.11039665341377258,0.10923609137535095,0.11232604831457138
