,bandit,all_source,target_train,random_source
0,0.04694792641782293,0.11016231983793952,0.00913129922672334,0.0953918427075147
