,bandit_weighted,bandit_final,all_source,target_train,random_source
0,0.2118543768709591,0.14209860164895094,0.48515469088217394,0.14102446842739877,0.14091161948503134
