,bandit_weighted,bandit_final,all_source,target_train,random_source
0,1.069282423275117,0.23660265188777735,2.0418551886949863,0.23358630095968191,2.3147965017118715
