,bandit_weighted,bandit_final,all_source,target_train,random_source
0,0.2862262568722567,0.1084765600047117,0.47332943284062123,0.10840902626918725,0.11127932522774878
