,bandit_weighted,bandit_final,all_source,target_train,random_source
0,0.17690909353054637,0.12700451908326787,0.4644439271324166,0.07949059332797037,0.08350415621191626
