,bandit_weighted,bandit_final,all_source,target_train,random_source
0,0.1745280457547404,0.1086128299894625,0.4008843380575218,0.10856693950198992,0.1088283932077478
