,bandit,all_source,target_train,random_source
0,0.08036773161115694,0.2018948311687117,0.005171803434509958,0.004779128277564859
