,bandit_weighted,bandit_final,all_source,target_train,random_source
0,0.3476532995700836,0.2701391279697418,0.4621371328830719,0.25994235277175903,1.4310730695724487
