,bandit,all_source,target_train,random_source
0,0.1040697693824768,0.10088624060153961,0.10189618915319443,0.10050296783447266
