,bandit,all_source,target_train,random_source
0,0.1227300763130188,0.1195547878742218,0.12123414129018784,0.12039747834205627
