,bandit_weighted,bandit_final,all_source,target_train,random_source
0,0.17332301488564947,0.0869008245348877,0.3911560581709332,0.08608140447071608,1.4340153627154328
