,bandit,all_source,target_train,random_source
0,0.05838160504556816,0.09786172196148547,0.04747616521818109,0.09367468546530319
