,bandit,all_source,target_train,random_source
0,0.0731517654565783,0.09167744847050155,0.013369099531359457,0.1221623841358542
