,bandit_weighted,bandit_final,all_source,target_train,random_source
0,0.566572904586792,0.5514516830444336,0.643423855304718,0.5573739409446716,0.47775983810424805
