,bandit,all_source,target_train,random_source
0,0.05811231955885887,0.05497579649090767,0.054733023047447205,0.06048589199781418
