,bandit,all_source,target_train,random_source
0,0.048808160659377646,0.10597214683420672,0.007535287022822296,0.025323069432401184
