,bandit,all_source,target_train,random_source
0,0.04049844942565498,0.08534656274730686,0.013441925011953737,0.015723088322480115
