,bandit_weighted,bandit_final,all_source,target_train,random_source
0,0.5570678960220219,0.5531104853347746,0.6494849154741327,0.5527726758756232,1.262914991584195
