,bandit_weighted,bandit_final,all_source,target_train,random_source
0,0.2645043432712555,0.2049943208694458,0.4249268174171448,0.21399939060211182,0.029035326093435287
