,bandit_weighted,bandit_final,all_source,target_train,random_source
0,1.4773079136277283,1.4305641442012313,1.320680928893284,1.4228934902469852,1.7782048964511183
