,bandit,all_source,target_train,random_source
0,0.07157294452190399,0.09126400947570801,0.07069995999336243,0.11733174324035645
