,bandit,all_source,target_train,random_source
0,0.07250679284334183,0.07216213643550873,0.07662175595760345,0.07226386666297913
