,bandit,all_source,target_train,random_source
0,0.12639570236206055,0.1420944631099701,0.09106060117483139,0.09811811149120331
