,bandit,all_source,target_train,random_source
0,0.07141040576384491,0.11057057306968565,0.07537243897820821,0.13478781951200264
