,bandit,all_source,target_train,random_source
0,0.060115694999694824,0.06776563823223114,0.060130465775728226,0.07423684746026993
