,bandit,all_source,target_train,random_source
0,0.11472292244434357,0.12306639552116394,0.11389593034982681,0.1166912242770195
