,bandit,all_source,target_train,random_source
0,0.06658430397510529,0.06677066534757614,0.06965406239032745,0.06731339544057846
