,bandit,all_source,target_train,random_source
0,0.10131087899208069,0.12773600220680237,0.09929373115301132,0.08839284628629684
