,bandit,all_source,target_train,random_source
0,0.051035091280937195,0.05126089230179787,0.051034361124038696,0.05287516117095947
