,bandit,all_source,target_train,random_source
0,0.059505022975801326,0.13653558882594108,0.02512628991929239,0.03521605512307007
