,bandit,all_source,target_train,random_source
0,0.6267780023772669,0.8457688741116975,0.02351203302934487,0.844631905635938
