,bandit,all_source,target_train,random_source
0,0.09371910244226456,0.07482762634754181,0.06727389246225357,0.07514853030443192
