,bandit,all_source,target_train,random_source
0,0.08821730731726261,0.4116066010561268,0.0275220414176997,0.40925537344434754
