,bandit,all_source,target_train,random_source
0,0.04550300115382598,0.26545135632905204,0.01865627775979397,0.9375730285730525
