,bandit,all_source,target_train,random_source
0,5.002502909289872,144.5480920987947,4.337112835431044,297.4615805314242
