,bandit,all_source,target_train,random_source
0,141.63531463192245,374.90138227994044,5.906975832175459,374.7197996287285
