,bandit_weighted,bandit_final,all_source,target_train,random_source
0,0.36985257267951965,0.3863930106163025,0.5329540371894836,0.3607163429260254,1.251094102859497
