,bandit_weighted,bandit_final,all_source,target_train,random_source
0,1.07779013218799,0.7159060243680377,1.8056819928314998,0.7195363369817425,0.7215976544343946
