,bandit_weighted,bandit_final,all_source,target_train,random_source
0,0.33894744525507825,0.3126227925939958,0.5616548748439615,0.31235046435976177,1.6872485043201084
