,bandit,all_source,target_train,random_source
0,0.026154259570069616,0.06947974017748279,0.0270947816832239,0.04064192235907893
