,bandit,all_source,target_train,random_source
0,0.08455535024404526,0.08464381843805313,0.08834940940141678,0.08453266322612762
