,bandit_weighted,bandit_final,all_source,target_train,random_source
0,0.12595085055658306,0.07632752842844456,0.46332914451997687,0.07652240218271905,1.8336936687907877
