,bandit,all_source,target_train,random_source
0,0.054729580879211426,0.05512433126568794,0.05472715198993683,0.05653200298547745
