,bandit_weighted,bandit_final,all_source,target_train,random_source
0,0.23719914524693725,0.056989781453994415,0.37997885447961754,0.0568713993532207,0.05699207679899698
