,bandit,all_source,target_train,random_source
0,2.3603574031544423,14.936874723121454,0.16065807299121296,14.827328229595329
