,bandit_weighted,bandit_final,all_source,target_train,random_source
0,1.0660197381245893,0.7647720946383314,1.6157524825907044,0.7601901190764323,1.4604419550139824
