,bandit,all_source,target_train,random_source
0,0.07413677126169205,0.07708998024463654,0.06702060997486115,0.07680563628673553
