,bandit,all_source,target_train,random_source
0,0.11506154388189316,0.11837805807590485,0.10282723605632782,0.10398472845554352
