,bandit,all_source,target_train,random_source
0,0.07221024483442307,0.07298871129751205,0.07193689793348312,0.07197120040655136
