,bandit,all_source,target_train,random_source
0,0.0250632820204162,0.0636976472694237,0.02343635704195563,0.02460769345508456
