,bandit,all_source,target_train,random_source
0,0.02341326531129072,0.21394249091653542,0.023491289331127357,0.21253569935649758
