,bandit_weighted,bandit_final,all_source,target_train,random_source
0,0.7463328823610393,0.17327018426577825,2.026843614782501,0.17009521086919221,2.5346205713049583
