,bandit,all_source,target_train,random_source
0,0.10248325020074844,0.09459051489830017,0.09284541010856628,0.12716840207576752
