,bandit,all_source,target_train,random_source
0,0.08191262082980752,0.07612045920820867,0.06994190819343994,0.1632112174788785
