,bandit,all_source,target_train,random_source
0,0.022034673914069124,0.10971648991324838,0.013960731660428443,0.033945736283414685
