,bandit,all_source,target_train,random_source
0,0.0868113711476326,0.08384296298027039,0.08826339989900589,0.0840279683470726
