,bandit,all_source,target_train,random_source
0,0.08089601248502731,0.08118772506713867,0.07984915375709534,0.08011797070503235
