,bandit,all_source,target_train,random_source
0,34.562331445213616,174.7617901111913,4.500774436799831,173.76117319419978
