,bandit,all_source,target_train,random_source
0,0.017898707233508733,0.07180084058394705,0.010171874227435906,0.007998417265654773
