,bandit_weighted,bandit_final,all_source,target_train,random_source
0,1.1077217260898111,0.9368089089564158,1.4202857086672998,0.9980707298212967,1.0915012694442825
