,bandit_weighted,bandit_final,all_source,target_train,random_source
0,0.4650513276542805,0.432175359519918,0.6073513037012214,0.42299176296745367,1.4201913135574435
