,bandit,all_source,target_train,random_source
0,0.019422918098994223,0.13048582274900683,0.01826834584295881,0.02982562178635887
