,bandit,all_source,target_train,random_source
0,0.12641829252243042,0.1307917684316635,0.09019596129655838,0.15220773220062256
