,bandit,all_source,target_train,random_source
0,0.11535294353961945,0.10918188840150833,0.07402484863996506,0.08574755489826202
