,bandit_weighted,bandit_final,all_source,target_train,random_source
0,1.2094291142108606,0.9423342650797227,1.5172940300471294,0.9390441703981747,0.9317645420363625
