,bandit,all_source,target_train,random_source
0,0.03584972515134308,0.07483784260373794,0.011356899094331652,0.016404546090846746
