,bandit,all_source,target_train,random_source
0,0.044721855680152627,0.08411597708939393,0.007782107608275303,0.07596322300568312
