,bandit,all_source,target_train,random_source
0,0.05814880317283626,0.11016231983793952,0.00913129922672334,0.016400840974727986
