,bandit,all_source,target_train,random_source
0,0.10096690058708191,0.10260980576276779,0.10160985589027405,0.1018887460231781
