,bandit,all_source,target_train,random_source
0,0.0855129401187158,0.08836656457864814,0.044430126157648034,0.12835646843212808
