,bandit_weighted,bandit_final,all_source,target_train,random_source
0,0.2749646796159101,0.25800232731389294,0.521000706130853,0.2547453925276296,0.2609194142311632
