,bandit,all_source,target_train,random_source
0,0.058770440719929526,0.08590522821948422,0.036916347715876596,0.13236004842526133
