,bandit,all_source,target_train,random_source
0,0.08646328747272491,0.0800047516822815,0.0870121493935585,0.09569475054740906
