,bandit,all_source,target_train,random_source
0,0.13780684769153595,0.12303933501243591,0.12257029861211777,0.12125925719738007
