,bandit_weighted,bandit_final,all_source,target_train,random_source
0,1.238672702295755,0.8022153090296203,1.7055956776232748,1.9791431670076982,0.8267830826358338
