,bandit,all_source,target_train,random_source
0,0.06941133737564087,0.07663442939519882,0.06137578934431076,0.08818425238132477
