,bandit,all_source,target_train,random_source
0,0.0315928788414934,0.09669681556853693,0.013259352624244769,0.012669776140369548
