,bandit,all_source,target_train,random_source
0,0.05175810307264328,0.05130559578537941,0.05103535205125809,0.05125684663653374
