,bandit,all_source,target_train,random_source
0,0.10317908972501755,0.10209611058235168,0.10154455155134201,0.10166941583156586
