,bandit,all_source,target_train,random_source
0,0.0862087532877922,0.08714274317026138,0.08507034927606583,0.08700932562351227
