,bandit,all_source,target_train,random_source
0,0.1092604547739029,0.11185108870267868,0.10301774740219116,0.10612320899963379
