,bandit,all_source,target_train,random_source
0,0.08553535491228104,0.0848313421010971,0.08908843249082565,0.08565365523099899
