,bandit_weighted,bandit_final,all_source,target_train,random_source
0,0.23221564495192096,0.11735430134488914,0.4983598229704368,0.11503583795435653,0.22144616692767521
