,bandit_weighted,bandit_final,all_source,target_train,random_source
0,1.126272223945297,0.8985994904148983,1.624683209382442,0.8972570835030158,0.8708145590583696
