,bandit,all_source,target_train,random_source
0,0.05637683882099927,0.08557733690313234,0.07790783962756477,0.06612085226027278
