,bandit_weighted,bandit_final,all_source,target_train,random_source
0,0.7039851104814313,0.7125313138218357,0.7007904580683085,0.7122193563933357,0.774897110256814
