,bandit,all_source,target_train,random_source
0,0.06642792373895645,0.06646303087472916,0.07022994756698608,0.06698598712682724
