,bandit,all_source,target_train,random_source
0,0.09172545373439789,0.11420151591300964,0.08913402259349823,0.08606969565153122
