,bandit,all_source,target_train,random_source
0,0.1085512712597847,0.1076381504535675,0.10390900820493698,0.10411705076694489
