,bandit,all_source,target_train,random_source
0,0.11800701171159744,0.11908085644245148,0.11319126188755035,0.11650833487510681
