,bandit,all_source,target_train,random_source
0,0.08504093438386917,0.0985657274723053,0.09032975882291794,0.10539953410625458
