,bandit_weighted,bandit_final,all_source,target_train,random_source
0,0.6559002680230999,0.7064114534590645,0.7020156895814447,0.6515339307135202,0.8762787234515146
