,bandit,all_source,target_train,random_source
0,0.04566652002375586,0.08342896842163564,0.018072036434996643,0.023546765586477374
