,bandit,all_source,target_train,random_source
0,0.06802665442228317,0.06640330702066422,0.0637739971280098,0.06761462241411209
