,bandit,all_source,target_train,random_source
0,0.10127405822277069,0.11101827770471573,0.11424889415502548,0.10856934636831284
