,bandit,all_source,target_train,random_source
0,0.046162919558449214,0.07648978225628349,0.05531094428094217,0.17782353577752588
