,bandit_weighted,bandit_final,all_source,target_train,random_source
0,0.40555715560913086,0.3007895350456238,0.5061211585998535,0.3092113435268402,0.10768334567546844
