,bandit,all_source,target_train,random_source
0,0.08167814463376999,0.09192462265491486,0.09028661996126175,0.137775719165802
