,bandit,all_source,target_train,random_source
0,0.0839114636182785,0.08399016410112381,0.08833105117082596,0.0841551423072815
