,bandit_weighted,bandit_final,all_source,target_train,random_source
0,1.1442737573170085,0.7733437436241273,1.74296221108191,0.7701860230245852,1.4554341991506388
