,bandit_weighted,bandit_final,all_source,target_train,random_source
0,0.9054088592529297,0.476447194814682,1.7644774913787842,0.4595085680484772,2.2620019912719727
