,bandit,all_source,target_train,random_source
0,0.0469467056532553,0.0741636013375008,0.04015328607367753,0.08626302320743182
