,bandit,all_source,target_train,random_source
0,0.03774467519655649,0.1302767368359666,0.006581651985752006,0.8788956061385924
