,bandit,all_source,target_train,random_source
0,0.027892392807924157,0.13023550662614627,0.016670584888492473,0.12953962647397663
