,bandit,all_source,target_train,random_source
0,0.12170066684484482,0.10475052148103714,0.1183876097202301,0.11815138161182404
