,bandit,all_source,target_train,random_source
0,0.0967787653207779,0.09440842270851135,0.09442216902971268,0.10015158355236053
