,bandit,all_source,target_train,random_source
0,0.11293525993824005,0.13128459453582764,0.09037651866674423,0.10226637125015259
