,bandit,all_source,target_train,random_source
0,0.039929153352431856,0.11741158363411178,0.011964875611701741,0.12209832168350636
