,bandit_weighted,bandit_final,all_source,target_train,random_source
0,1.0181764364242554,1.033661961555481,1.7149337530136108,0.8052242398262024,2.4162237644195557
