,bandit,all_source,target_train,random_source
0,0.11257557570934296,0.11531785875558853,0.10271620750427246,0.10258360207080841
