,bandit_weighted,bandit_final,all_source,target_train,random_source
0,0.7479087114334106,0.6853914856910706,1.7874529361724854,0.5844637155532837,1.1989144086837769
