,bandit,all_source,target_train,random_source
0,0.08483611792325974,0.08522339165210724,0.08969637006521225,0.08598493784666061
