,bandit_weighted,bandit_final,all_source,target_train,random_source
0,0.17617250482911956,0.14206583901812345,0.48515469088217394,0.14102446842739877,0.14166460368086933
