,bandit,all_source,target_train,random_source
0,0.12733933329582214,0.10756195336580276,0.11596419662237167,0.11817280948162079
