,bandit,all_source,target_train,random_source
0,0.09520288556814194,0.09491924196481705,0.09489244222640991,0.09440404921770096
