,bandit,all_source,target_train,random_source
0,2.2596718270041274,118.94903053469693,1.3716657664293044,178.52604582233718
