,bandit,all_source,target_train,random_source
0,2.167138601273315,25.02114848404524,2.275634445872542,24.86422900424848
