,bandit_weighted,bandit_final,all_source,target_train,random_source
0,0.5393667221069336,0.4634898602962494,0.6337118744850159,0.5268976092338562,0.19942417740821838
