,bandit,all_source,target_train,random_source
0,0.053948826634858574,0.09039767636700102,0.021696547383521954,0.1268242581706163
