,bandit,all_source,target_train,random_source
0,0.17266371313614126,1.3053123344586839,0.023318083859110713,2.1988219545196332
