,bandit,all_source,target_train,random_source
0,0.06539269155914156,0.08557733690313234,0.07790783962756477,0.10917085404026776
