,bandit,all_source,target_train,random_source
0,0.10436113178730011,0.10287772864103317,0.10987243056297302,0.10214481502771378
