,bandit,all_source,target_train,random_source
0,0.13673198223114014,0.12029720097780228,0.11366943269968033,0.12295732647180557
