,bandit,all_source,target_train,random_source
0,0.0665232390165329,0.0796685442328453,0.06508991867303848,0.061259862035512924
