,bandit,all_source,target_train,random_source
0,0.09242658317089081,0.0922376811504364,0.09255561977624893,0.1266583353281021
