,bandit,all_source,target_train,random_source
0,0.05712588262977407,0.11169487697499245,0.008656968070873598,0.06200785338719115
