,bandit_weighted,bandit_final,all_source,target_train,random_source
0,0.2396527118553637,0.19084127414280608,0.5016621393780605,0.19021219409339377,0.18984535673547756
