,bandit_weighted,bandit_final,all_source,target_train,random_source
0,0.7523537278175354,0.573523998260498,1.7111619710922241,0.5185269117355347,0.671451210975647
