,bandit_weighted,bandit_final,all_source,target_train,random_source
0,0.21410112082958221,0.07904402911663055,0.42843204736709595,0.2620212435722351,0.3876611292362213
