,bandit_weighted,bandit_final,all_source,target_train,random_source
0,0.7455075979232788,0.7504849433898926,0.7587880492210388,0.7396277189254761,1.5031431913375854
