,bandit_weighted,bandit_final,all_source,target_train,random_source
0,1.3139084577560425,0.5172013640403748,1.794141411781311,0.5758007764816284,1.224339246749878
