,bandit_weighted,bandit_final,all_source,target_train,random_source
0,0.9202173177368154,0.8810924852913905,1.624683209382442,0.8972570835030158,1.4451367544850737
