,bandit,all_source,target_train,random_source
0,0.11328856647014618,0.12964779138565063,0.08981027454137802,0.08649937808513641
