,bandit_weighted,bandit_final,all_source,target_train,random_source
0,0.9733937382698059,0.8047319650650024,1.3099749088287354,1.3975274562835693,0.8786047697067261
