,bandit,all_source,target_train,random_source
0,0.2630663124246685,1.6515705325358765,0.06435453816644172,3.32111027823719
