,bandit,all_source,target_train,random_source
0,0.06981903314590454,0.0825176015496254,0.06565980613231659,0.13305802643299103
