,bandit,all_source,target_train,random_source
0,0.10096794366836548,0.11028018593788147,0.11356832832098007,0.10945573449134827
