,bandit,all_source,target_train,random_source
0,0.0988689586520195,0.09812495857477188,0.11033768951892853,0.09760621935129166
