,bandit_weighted,bandit_final,all_source,target_train,random_source
0,0.16325359714453444,0.0973722952509652,0.46931945922460266,0.09713840175188275,0.09717238015458743
