,bandit,all_source,target_train,random_source
0,0.058535269317178694,0.07631129260510774,0.05843974617252727,0.14672194752839868
