,bandit,all_source,target_train,random_source
0,0.06669250130653381,0.0665043368935585,0.07024593651294708,0.06760656088590622
