,bandit,all_source,target_train,random_source
0,0.11502712965011597,0.13600561022758484,0.10247880220413208,0.1093081533908844
