,bandit_weighted,bandit_final,all_source,target_train,random_source
0,1.3095024651786713,0.6765901067024787,1.846544361481169,0.6728463345714886,0.6678687460231011
