,bandit,all_source,target_train,random_source
0,0.02481606463577309,0.09039767636700102,0.021696547383521954,0.08383113783893208
