,bandit_weighted,bandit_final,all_source,target_train,random_source
0,0.2179492712020874,0.2292899787425995,0.43656259775161743,0.36427339911460876,0.33490294218063354
