,bandit,all_source,target_train,random_source
0,0.0297415989194953,0.570109028101974,0.024264903423314013,0.715110534795355
