,bandit_weighted,bandit_final,all_source,target_train,random_source
0,1.031419400797284,0.7808933721868823,1.74296221108191,0.7701860230245852,1.4829404366271972
