,bandit,all_source,target_train,random_source
0,0.030321028078668055,0.08534656274730686,0.013441925011953737,0.12605615964255126
