,bandit,all_source,target_train,random_source
0,0.027459948512914563,0.05735046793502163,0.031577323459481055,0.17429373612690618
