,bandit_weighted,bandit_final,all_source,target_train,random_source
0,0.16529061324850408,0.09528698748288503,0.39194016396740194,0.0906841757166342,0.9546721438845523
