,bandit,all_source,target_train,random_source
0,0.10637535899877548,0.10985901206731796,0.10666599124670029,0.12049461156129837
