,bandit,all_source,target_train,random_source
0,0.1233140155673027,0.1249474361538887,0.1244048997759819,0.12303116917610168
