,bandit,all_source,target_train,random_source
0,0.12480469793081284,0.12735536694526672,0.12523849308490753,0.12133689224720001
