,bandit_weighted,bandit_final,all_source,target_train,random_source
0,0.7706903604259646,0.2674325066281268,1.9747427464682992,0.2549330686207433,2.470033828537816
