,bandit,all_source,target_train,random_source
0,0.05838448201985817,0.09167744847050155,0.013369099531359457,0.016607293655361653
