,bandit_weighted,bandit_final,all_source,target_train,random_source
0,0.9906740052536505,0.8383485408796181,1.6689311338273538,0.8294889516090116,1.367790433709054
