,bandit,all_source,target_train,random_source
0,0.07888920544761953,0.11057057306968568,0.0753724389782082,0.06966302209134297
