,bandit,all_source,target_train,random_source
0,0.10110556334257126,0.10059618204832077,0.10119478404521942,0.10051920264959335
