,bandit,all_source,target_train,random_source
0,0.11974525451660156,0.11958850175142288,0.12128322571516037,0.11962398886680603
