,bandit,all_source,target_train,random_source
0,0.04125191474639981,0.09473770048900207,0.006014380397751182,0.11929276501619672
