,bandit,all_source,target_train,random_source
0,0.08955022692680359,0.0912250205874443,0.08971920609474182,0.10683414340019226
