,bandit,all_source,target_train,random_source
0,0.09847907721996307,0.09721866250038147,0.08793308585882187,0.09403716027736664
