,bandit,all_source,target_train,random_source
0,0.10038879225664683,0.13653558882594105,0.02512628991929239,0.05007818603651566
