,bandit,all_source,target_train,random_source
0,0.03307277643054921,0.08802247390230597,0.021747943533851143,0.06396757197628887
