,bandit_weighted,bandit_final,all_source,target_train,random_source
0,0.6807570457458496,0.8112806081771851,1.8265241384506226,0.49262136220932007,0.19580736756324768
