,bandit_weighted,bandit_final,all_source,target_train,random_source
0,0.508165717124939,0.37727388739585876,0.5344809293746948,0.513234555721283,0.7301373481750488
