,bandit,all_source,target_train,random_source
0,0.07872910797595978,0.08110448718070984,0.06574054807424545,0.0715113952755928
