,bandit,all_source,target_train,random_source
0,0.0938742607831955,0.11370427161455154,0.07390518486499786,0.10939405113458633
