,bandit,all_source,target_train,random_source
0,0.07132220493114048,0.09786172196148547,0.04747616521818109,0.11449244568552477
