,bandit,all_source,target_train,random_source
0,0.12293177843093872,0.10537625104188919,0.11796052753925323,0.10095533728599548
