,bandit,all_source,target_train,random_source
0,0.09334636479616165,0.09223764389753342,0.0923481211066246,0.09236688911914825
