,bandit_weighted,bandit_final,all_source,target_train,random_source
0,0.30522453784942627,0.27178138494491577,0.47131094336509705,0.15684452652931213,0.07772897183895111
