,bandit_weighted,bandit_final,all_source,target_train,random_source
0,0.5839316248893738,0.6063557267189026,0.5709868669509888,0.4247060716152191,0.9594764709472656
