,bandit,all_source,target_train,random_source
0,0.09376109391450882,0.1172088235616684,0.09296989440917969,0.13414886593818665
