,bandit,all_source,target_train,random_source
0,0.08873926103115082,0.088625967502594,0.09279830753803253,0.08920350670814514
