,bandit_weighted,bandit_final,all_source,target_train,random_source
0,0.24004496367325726,0.21798558970341136,0.44030611595296854,0.2109959792035207,1.4228611999264005
