,bandit,all_source,target_train,random_source
0,0.135049968957901,0.12701766192913055,0.13364915549755096,0.13557955622673035
