,bandit,all_source,target_train,random_source
0,0.10848760604858398,0.10956471413373947,0.10864902287721634,0.10617955029010773
