,bandit_weighted,bandit_final,all_source,target_train,random_source
0,1.0778741836547852,0.6526223421096802,1.8396093845367432,0.7743891477584839,1.8550161123275757
