,bandit,all_source,target_train,random_source
0,0.11700961738824844,0.12720531225204468,0.1282595694065094,0.12160001695156097
