,bandit,all_source,target_train,random_source
0,0.0933777242898941,0.09456701576709747,0.1055450439453125,0.09305736422538757
