,bandit,all_source,target_train,random_source
0,0.06797337133592296,0.11741158363411175,0.011964875611701734,0.02513065609977567
