,bandit_weighted,bandit_final,all_source,target_train,random_source
0,0.2827497630305317,0.2257694357028266,0.5126651028071539,0.22425482655410262,1.1871798044566115
