,bandit_weighted,bandit_final,all_source,target_train,random_source
0,0.16566916583482447,0.10577135505448154,0.4733033541686936,0.10518583531471912,0.11301627235259906
