,bandit,all_source,target_train,random_source
0,0.02481453325531388,0.07180084058394705,0.010171874227435906,0.013925528227829938
