,bandit_weighted,bandit_final,all_source,target_train,random_source
0,0.27300066000194523,0.19255791588259266,0.5016621393780605,0.19021219409339377,0.21265222585147475
