,bandit,all_source,target_train,random_source
0,0.05808247832489962,0.07749865005757504,0.03795679024009192,0.18297212074051603
