,bandit_weighted,bandit_final,all_source,target_train,random_source
0,0.3123481726657244,0.1569131691059671,0.5124704886654422,0.15579662705315675,0.15799976648113287
