,bandit,all_source,target_train,random_source
0,0.06849464029073715,0.078921377658844,0.06067691743373871,0.07581931352615356
