,bandit_weighted,bandit_final,all_source,target_train,random_source
0,0.7933262586593628,0.3426751494407654,2.016462564468384,0.29952991008758545,1.7127230167388916
