,bandit,all_source,target_train,random_source
0,0.09079477190971375,0.09085025638341904,0.0910516008734703,0.09118054062128067
