,bandit,all_source,target_train,random_source
0,0.06137681674038893,0.06300705710139247,0.06534892807214407,0.0948082180629283
