,bandit,all_source,target_train,random_source
0,0.10049059242010117,0.09984949231147766,0.1009998619556427,0.09961388260126114
