,bandit,all_source,target_train,random_source
0,0.008253915907200426,0.11047423722980698,0.007706193095126217,0.10706799587470246
