,bandit_weighted,bandit_final,all_source,target_train,random_source
0,0.3887462317943573,0.4148785471916199,0.4563681483268738,0.3514817953109741,0.1969795972108841
