,bandit_weighted,bandit_final,all_source,target_train,random_source
0,0.4185134470462799,0.1715240180492401,0.4104236960411072,0.12353935092687607,0.005238373763859272
