,bandit,all_source,target_train,random_source
0,0.09247561544179916,0.092231385409832,0.09255889803171158,0.11423686891794205
