,bandit,all_source,target_train,random_source
0,0.06619330770443276,0.10597214683420672,0.007535287022822296,0.10497725482874125
