,bandit,all_source,target_train,random_source
0,0.045704014720521415,0.1257272019154725,0.02397438296737947,0.042031180851230046
