,bandit,all_source,target_train,random_source
0,0.10842496901750565,0.1385507434606552,0.0937664583325386,0.1045282781124115
