,bandit_weighted,bandit_final,all_source,target_train,random_source
0,0.6577122296191747,0.6523765658137403,0.7020156895814447,0.6515339307135202,0.7289603722101129
