,bandit,all_source,target_train,random_source
0,10.772835504716372,30.897741270720903,1.6743926988401903,30.864610468567207
