,bandit,all_source,target_train,random_source
0,0.0399355817012463,0.11016231983793952,0.00913129922672334,0.01682817026252748
