,bandit,all_source,target_train,random_source
0,0.09370197355747223,0.10876437276601791,0.09376150369644165,0.09076244384050369
