,bandit,all_source,target_train,random_source
0,0.08231977373361588,0.08542489260435104,0.08230249583721161,0.08302205055952072
