,bandit_weighted,bandit_final,all_source,target_train,random_source
0,0.24415342509746552,0.1473315954208374,0.3918905258178711,0.16257895529270172,0.17594344913959503
