,bandit,all_source,target_train,random_source
0,0.06311684573375265,0.08557733690313234,0.07790783962756477,0.09568041513561695
