,bandit,all_source,target_train,random_source
0,0.01306417551746448,0.15430921936045366,0.0053400498189945704,0.0900743962820824
