,bandit,all_source,target_train,random_source
0,0.0616237111389637,0.06367585808038712,0.06595440208911896,0.062236376106739044
