,bandit,all_source,target_train,random_source
0,0.1212632954120636,0.14729610085487366,0.11955083906650543,0.10765590518712997
