,bandit,all_source,target_train,random_source
0,0.12182556837797165,0.11010520905256271,0.12379506975412369,0.11190006881952286
