,bandit,all_source,target_train,random_source
0,0.09016134589910507,0.09061374515295029,0.09115440398454666,0.08988118171691895
