,bandit,all_source,target_train,random_source
0,0.12488474696874619,0.12578588724136353,0.1264309287071228,0.13523200154304504
