,bandit,all_source,target_train,random_source
0,63.94742534898692,93.84983799252358,7.184041068791996,93.71049687749556
