,bandit_weighted,bandit_final,all_source,target_train,random_source
0,1.172780050145986,1.2682918426549792,1.320680928893284,1.4228934902469852,0.9542172704255251
