,bandit,all_source,target_train,random_source
0,0.06508894724671059,0.058797885910919424,0.06179096204492549,0.1420568226728962
