,bandit_weighted,bandit_final,all_source,target_train,random_source
0,1.0239622592926025,0.6285167336463928,1.796405553817749,1.7907991409301758,2.9706919193267822
