,bandit,all_source,target_train,random_source
0,3.10794226268977,4.47185684500346,0.0715874436116335,4.468494288967377
