,bandit_weighted,bandit_final,all_source,target_train,random_source
0,0.22486594319343567,0.20423229038715363,0.37781447172164917,0.1935575008392334,0.14673110842704773
