,bandit,all_source,target_train,random_source
0,0.06206615583778544,0.07997284552654607,0.05799387061120996,0.06635274988104138
