,bandit,all_source,target_train,random_source
0,0.10909297317266464,0.09861673414707184,0.10296514630317688,0.10139384120702744
