,bandit_weighted,bandit_final,all_source,target_train,random_source
0,0.22570579392318008,0.17819808288260378,0.4974563612556643,0.17814408373947366,0.1772982185459884
