,bandit,all_source,target_train,random_source
0,0.0932004377245903,0.092518150806427,0.09228232502937317,0.09245534241199493
