,bandit,all_source,target_train,random_source
0,0.04472269916003082,0.11047423722980698,0.007706193095126214,0.014075947684577822
