,bandit_weighted,bandit_final,all_source,target_train,random_source
0,0.3615159426841477,0.25460370305569546,0.5230631956084858,0.25396893138428145,0.25580168373084716
