,bandit,all_source,target_train,random_source
0,0.09107890725135803,0.12188758701086044,0.07605313509702682,0.08773496001958847
