,bandit_weighted,bandit_final,all_source,target_train,random_source
0,0.42851888779870706,0.41329907319653725,0.5174265750584073,0.37654010264603854,0.37811820444247735
