,bandit,all_source,target_train,random_source
0,9.83656946034383,101.72414427250396,7.991570244042904,101.4649040632278
