,bandit,all_source,target_train,random_source
0,1.6828716695618375,141.43925354778963,1.7673110968187904,346.43150116805316
