,bandit_weighted,bandit_final,all_source,target_train,random_source
0,0.30828696489334106,0.18736384809017181,0.38747933506965637,0.13554348051548004,0.06442416459321976
