,bandit_weighted,bandit_final,all_source,target_train,random_source
0,1.8336620311585494,0.8545535828023862,1.782576710714272,0.8545078342441167,1.888530224090347
