,bandit,all_source,target_train,random_source
0,0.06072327122092247,0.060448285192251205,0.06584484875202179,0.06431861221790314
