,bandit,all_source,target_train,random_source
0,0.11713263392448425,0.11744475364685059,0.12421372532844543,0.11879077553749084
