,bandit,all_source,target_train,random_source
0,0.07294198870658875,0.07669226080179214,0.06207278370857239,0.060736507177352905
