,bandit,all_source,target_train,random_source
0,0.07026153272160345,0.09444451243068384,0.024834553792294427,0.03613445557320688
