,bandit,all_source,target_train,random_source
0,0.07167158275842667,0.10677221417427063,0.0696508139371872,0.09028811752796173
