,bandit_weighted,bandit_final,all_source,target_train,random_source
0,0.4317870322279109,0.44550108367974506,0.6106508497553949,0.4452297444108665,0.6087222028690296
