,bandit_weighted,bandit_final,all_source,target_train,random_source
0,1.0089032649993896,0.9131087064743042,1.4896773099899292,0.8910369873046875,1.2763653993606567
