,bandit,all_source,target_train,random_source
0,0.10668262839317322,0.10381248593330383,0.11081596463918686,0.10578522086143494
