,bandit,all_source,target_train,random_source
0,0.11302409321069717,0.1278664469718933,0.11227787286043167,0.11246554553508759
