,bandit_weighted,bandit_final,all_source,target_train,random_source
0,0.9136557579040527,0.7113797664642334,0.9200973510742188,0.5644070506095886,0.8790286183357239
