,bandit,all_source,target_train,random_source
0,0.09915845096111298,0.10017071664333344,0.10120198130607605,0.09915155172348022
