,bandit_weighted,bandit_final,all_source,target_train,random_source
0,0.2667359359560785,0.12024097728373825,0.5005058261443349,0.11876929592796497,0.1225606073780656
