,bandit_weighted,bandit_final,all_source,target_train,random_source
0,0.6259052540031389,0.7510950527066156,0.6877854579538472,0.6238410432438777,0.6590488758891649
