,bandit,all_source,target_train,random_source
0,0.02760498424915493,0.5756467287853257,0.011333183074095822,2.4771743556295034
