,bandit,all_source,target_train,random_source
0,0.04309919620423513,0.15404884819242826,0.03258195122624679,0.15372001229050308
