,bandit,all_source,target_train,random_source
0,0.08070804923772812,0.0855366438627243,0.05237412825226784,0.08003323525190353
