,bandit,all_source,target_train,random_source
0,0.01897417995077131,0.09473770048900207,0.006014380397751182,0.01951439109311617
