,bandit_weighted,bandit_final,all_source,target_train,random_source
0,0.9284249544143677,0.7349127531051636,1.5361016988754272,0.5891975164413452,1.962278127670288
