,bandit_weighted,bandit_final,all_source,target_train,random_source
0,0.24387431144714355,0.19061006605625153,0.4373566508293152,0.18480944633483887,0.11677827686071396
