,bandit,all_source,target_train,random_source
0,0.09111012518405914,0.09085381776094437,0.09108804911375046,0.09568341076374054
