,bandit,all_source,target_train,random_source
0,0.041902720814580005,0.0847671924602727,0.013003028556407097,0.03436529665509121
