,bandit_weighted,bandit_final,all_source,target_train,random_source
0,0.21664484116602334,0.057110869250031004,0.37997885447961754,0.0568713993532207,1.6083818508918153
