,bandit_weighted,bandit_final,all_source,target_train,random_source
0,0.7782905697822571,0.6484178304672241,0.8983417749404907,0.6515134572982788,0.9635488390922546
