,bandit,all_source,target_train,random_source
0,0.10602059215307236,0.09954725950956345,0.10090173780918121,0.1008838564157486
