,bandit,all_source,target_train,random_source
0,0.007066462660103701,0.0758436632965548,0.006899989253739065,0.00904216967168604
