,bandit,all_source,target_train,random_source
0,0.05233920410691003,0.08342896842163564,0.018072036434996643,0.01641627246808981
