,bandit,all_source,target_train,random_source
0,0.0928458422422409,0.09238919615745544,0.092668816447258,0.09298692643642426
