,bandit,all_source,target_train,random_source
0,0.12454186379909515,0.12639844417572021,0.12378422915935516,0.14913544058799744
