,bandit,all_source,target_train,random_source
0,0.05101014271312136,0.08256803810461577,0.044258538364115904,0.052906866672523756
