,bandit_weighted,bandit_final,all_source,target_train,random_source
0,0.29250987095169667,0.20882786657309343,0.440879627481449,0.20838702272680182,0.21072956651630181
