,bandit,all_source,target_train,random_source
0,51.24122485074635,577.3969891187777,6.907241611439708,570.5699618565625
