,bandit,all_source,target_train,random_source
0,0.11206599324941635,0.10628755390644073,0.10699521750211716,0.10891585052013397
