,bandit,all_source,target_train,random_source
0,0.10015396028757095,0.1014646589756012,0.08946603536605835,0.08823759853839874
