,bandit,all_source,target_train,random_source
0,0.05110064148902893,0.05145232751965523,0.05160806328058243,0.05103575810790062
