,bandit,all_source,target_train,random_source
0,0.07170647382736206,0.07193101942539215,0.07385630905628204,0.07175500690937042
