,bandit,all_source,target_train,random_source
0,0.10220041126012802,0.10288819670677185,0.10165607184171677,0.10179992765188217
