,bandit,all_source,target_train,random_source
0,0.017566946412998576,0.17985211668262918,0.01608340200706856,0.17912270865796004
