,bandit,all_source,target_train,random_source
0,0.04684254056175134,0.5892302297870595,0.013263087292070817,3.046908514954862
