,bandit,all_source,target_train,random_source
0,0.07471904903650284,0.07649603486061096,0.07261806726455688,0.07222475111484528
