,bandit,all_source,target_train,random_source
0,0.055877951845449726,0.0741636013375008,0.04015328607367753,0.04378198626127887
