,bandit,all_source,target_train,random_source
0,0.027863236219142405,0.054415114505859084,0.029948197295538624,0.03428463813747388
