,bandit,all_source,target_train,random_source
0,0.10692020505666733,0.10749976336956024,0.10397440195083618,0.10834646970033646
