,bandit,all_source,target_train,random_source
0,0.1170167624950409,0.11994750797748566,0.11329808831214905,0.11541196703910828
