,bandit,all_source,target_train,random_source
0,0.12424619495868683,0.12591996788978577,0.12415726482868195,0.12530802190303802
