,bandit,all_source,target_train,random_source
0,0.07878737145379437,0.13653558882594108,0.02512628991929239,0.10870958013114798
